<br />
<b>Warning</b>:  include_once(includes/custompost.php) [<a href='function.include-once'>function.include-once</a>]: failed to open stream: No such file or directory in <b>/home/diaspo10/public_html/wp-content/themes/arcade-basic/functions.php</b> on line <b>676</b><br />
<br />
<b>Warning</b>:  include_once() [<a href='function.include'>function.include</a>]: Failed opening 'includes/custompost.php' for inclusion (include_path='.:/usr/lib/php:/usr/local/lib/php') in <b>/home/diaspo10/public_html/wp-content/themes/arcade-basic/functions.php</b> on line <b>676</b><br />
<?xml version="1.0" encoding="UTF-8" ?>
<!-- This is a WordPress eXtended RSS file generated by WordPress as an export of your site. -->
<!-- It contains information about your site's posts, pages, comments, categories, and other content. -->
<!-- You may use this file to transfer that content from one site to another. -->
<!-- This file is not intended to serve as a complete backup of your site. -->

<!-- To import this information into a WordPress site follow these steps: -->
<!-- 1. Log in to that site as an administrator. -->
<!-- 2. Go to Tools: Import in the WordPress admin panel. -->
<!-- 3. Install the "WordPress" importer from the list. -->
<!-- 4. Activate & Run Importer. -->
<!-- 5. Upload this file using the form provided on that page. -->
<!-- 6. You will first be asked to map the authors in this export file to users -->
<!--    on the site. For each author, you may choose to map to an -->
<!--    existing user on the site or to create a new user. -->
<!-- 7. WordPress will then import each of the posts, pages, comments, categories, etc. -->
<!--    contained in this file into your site. -->

<!-- generator="WordPress/3.9" created="2014-04-27 08:31" -->
<rss version="2.0"
	xmlns:excerpt="http://wordpress.org/export/1.2/excerpt/"
	xmlns:content="http://purl.org/rss/1.0/modules/content/"
	xmlns:wfw="http://wellformedweb.org/CommentAPI/"
	xmlns:dc="http://purl.org/dc/elements/1.1/"
	xmlns:wp="http://wordpress.org/export/1.2/"
>

<channel>
	<title>projekt:kreatywa</title>
	<link>http://kreatywa.diasporachangemakers.net</link>
	<description>projekt:kreatywa</description>
	<pubDate>Sun, 27 Apr 2014 08:31:00 +0000</pubDate>
	<language>en-US</language>
	<wp:wxr_version>1.2</wp:wxr_version>
	<wp:base_site_url>http://diasporachangemakers.net/</wp:base_site_url>
	<wp:base_blog_url>http://kreatywa.diasporachangemakers.net</wp:base_blog_url>

	<wp:author><wp:author_id>7</wp:author_id><wp:author_login>eccehomo</wp:author_login><wp:author_email>rafal@voist.co.uk</wp:author_email><wp:author_display_name><![CDATA[eccehomo]]></wp:author_display_name><wp:author_first_name><![CDATA[]]></wp:author_first_name><wp:author_last_name><![CDATA[]]></wp:author_last_name></wp:author>
	<wp:author><wp:author_id>30</wp:author_id><wp:author_login>devteam</wp:author_login><wp:author_email>info@noviceapp.com</wp:author_email><wp:author_display_name><![CDATA[your friendly neighbourhood developer]]></wp:author_display_name><wp:author_first_name><![CDATA[]]></wp:author_first_name><wp:author_last_name><![CDATA[]]></wp:author_last_name></wp:author>

	<wp:category><wp:term_id>1</wp:term_id><wp:category_nicename>uncategorized</wp:category_nicename><wp:category_parent></wp:category_parent><wp:cat_name><![CDATA[Uncategorized]]></wp:cat_name></wp:category>
	<wp:term><wp:term_id>5</wp:term_id><wp:term_taxonomy>nav_menu</wp:term_taxonomy><wp:term_slug>kreatywa-menu</wp:term_slug><wp:term_name><![CDATA[kreatywa menu]]></wp:term_name></wp:term>
	<wp:term><wp:term_id>2</wp:term_id><wp:term_taxonomy>nav_menu</wp:term_taxonomy><wp:term_slug>qwerty</wp:term_slug><wp:term_name><![CDATA[qwerty]]></wp:term_name></wp:term>

	<generator>http://wordpress.org/?v=3.9</generator>

	<item>
				<title>Sample Page</title>
		<link>http://kreatywa.diasporachangemakers.net/</link>
		<pubDate>Wed, 05 Mar 2014 15:50:04 +0000</pubDate>
		<dc:creator><![CDATA[eccehomo]]></dc:creator>
		<guid isPermaLink="false">http://kreatywa.diasporachangemakers.net/?page_id=2</guid>
		<description></description>
		<content:encoded><![CDATA[<p style="text-align: center;"><a href="http://iframesrc=//player.vimeo.com/video/92775216?autoplay=1width=750height=422frameborder=0webkitallowfullscreenmozallowfullscreenallowfullscreen/iframe">[vimeo id="92775216" responsive="true" center="false"]</a></p>]]></content:encoded>
		<excerpt:encoded><![CDATA[]]></excerpt:encoded>
		<wp:post_id>2</wp:post_id>
		<wp:post_date>2014-03-05 15:50:04</wp:post_date>
		<wp:post_date_gmt>2014-03-05 15:50:04</wp:post_date_gmt>
		<wp:comment_status>open</wp:comment_status>
		<wp:ping_status>open</wp:ping_status>
		<wp:post_name>sample-page</wp:post_name>
		<wp:status>publish</wp:status>
		<wp:post_parent>0</wp:post_parent>
		<wp:menu_order>0</wp:menu_order>
		<wp:post_type>page</wp:post_type>
		<wp:post_password></wp:post_password>
		<wp:is_sticky>0</wp:is_sticky>
		<wp:postmeta>
			<wp:meta_key>_wp_page_template</wp:meta_key>
			<wp:meta_value><![CDATA[default]]></wp:meta_value>
		</wp:postmeta>
		<wp:postmeta>
			<wp:meta_key>_the_champ_meta</wp:meta_key>
			<wp:meta_value><![CDATA[a:1:{s:7:"sharing";i:0;}]]></wp:meta_value>
		</wp:postmeta>
		<wp:postmeta>
			<wp:meta_key>_mobile_page_template</wp:meta_key>
			<wp:meta_value><![CDATA[Default Template]]></wp:meta_value>
		</wp:postmeta>
		<wp:postmeta>
			<wp:meta_key>_webdados_fb_open_graph_specific_image</wp:meta_key>
			<wp:meta_value><![CDATA[]]></wp:meta_value>
		</wp:postmeta>
		<wp:postmeta>
			<wp:meta_key>panels_data</wp:meta_key>
			<wp:meta_value><![CDATA[a:0:{}]]></wp:meta_value>
		</wp:postmeta>
		<wp:postmeta>
			<wp:meta_key>ninja_forms_form</wp:meta_key>
			<wp:meta_value><![CDATA[0]]></wp:meta_value>
		</wp:postmeta>
		<wp:postmeta>
			<wp:meta_key>_edit_last</wp:meta_key>
			<wp:meta_value><![CDATA[30]]></wp:meta_value>
		</wp:postmeta>
	</item>
	<item>
				<title>Layer-3</title>
		<link>http://kreatywa.diasporachangemakers.net/?attachment_id=16</link>
		<pubDate>Wed, 05 Mar 2014 17:04:11 +0000</pubDate>
		<dc:creator><![CDATA[]]></dc:creator>
		<guid isPermaLink="false">http://kreatywa.diasporachangemakers.net/wp-content/uploads/sites/9/2014/03/Layer-3.png</guid>
		<description></description>
		<content:encoded><![CDATA[]]></content:encoded>
		<excerpt:encoded><![CDATA[]]></excerpt:encoded>
		<wp:post_id>16</wp:post_id>
		<wp:post_date>2014-03-05 17:04:11</wp:post_date>
		<wp:post_date_gmt>2014-03-05 17:04:11</wp:post_date_gmt>
		<wp:comment_status>open</wp:comment_status>
		<wp:ping_status>open</wp:ping_status>
		<wp:post_name>layer-3</wp:post_name>
		<wp:status>inherit</wp:status>
		<wp:post_parent>0</wp:post_parent>
		<wp:menu_order>0</wp:menu_order>
		<wp:post_type>attachment</wp:post_type>
		<wp:post_password></wp:post_password>
		<wp:is_sticky>0</wp:is_sticky>
		<wp:attachment_url>http://kreatywa.diasporachangemakers.net/wp-content/uploads/sites/9/2014/03/Layer-3.png</wp:attachment_url>
		<wp:postmeta>
			<wp:meta_key>_wp_attached_file</wp:meta_key>
			<wp:meta_value><![CDATA[2014/03/Layer-3.png]]></wp:meta_value>
		</wp:postmeta>
		<wp:postmeta>
			<wp:meta_key>_wp_attachment_metadata</wp:meta_key>
			<wp:meta_value><![CDATA[a:5:{s:5:"width";i:463;s:6:"height";i:137;s:4:"file";s:19:"2014/03/Layer-3.png";s:5:"sizes";a:4:{s:9:"thumbnail";a:4:{s:4:"file";s:19:"Layer-3-150x137.png";s:5:"width";i:150;s:6:"height";i:137;s:9:"mime-type";s:9:"image/png";}s:6:"medium";a:4:{s:4:"file";s:18:"Layer-3-300x88.png";s:5:"width";i:300;s:6:"height";i:88;s:9:"mime-type";s:9:"image/png";}s:14:"featured-thumb";a:4:{s:4:"file";s:18:"Layer-3-100x80.png";s:5:"width";i:100;s:6:"height";i:80;s:9:"mime-type";s:9:"image/png";}s:14:"headline-thumb";a:4:{s:4:"file";s:19:"Layer-3-200x137.png";s:5:"width";i:200;s:6:"height";i:137;s:9:"mime-type";s:9:"image/png";}}s:10:"image_meta";a:10:{s:8:"aperture";i:0;s:6:"credit";s:0:"";s:6:"camera";s:0:"";s:7:"caption";s:0:"";s:17:"created_timestamp";i:0;s:9:"copyright";s:0:"";s:12:"focal_length";i:0;s:3:"iso";i:0;s:13:"shutter_speed";i:0;s:5:"title";s:0:"";}}]]></wp:meta_value>
		</wp:postmeta>
	</item>
	<item>
				<title>projektKreatywaTemplateFav43x43</title>
		<link>http://kreatywa.diasporachangemakers.net/?attachment_id=18</link>
		<pubDate>Wed, 05 Mar 2014 17:06:17 +0000</pubDate>
		<dc:creator><![CDATA[]]></dc:creator>
		<guid isPermaLink="false">http://kreatywa.diasporachangemakers.net/wp-content/uploads/sites/9/2014/03/projektKreatywaTemplateFav43x43.jpg</guid>
		<description></description>
		<content:encoded><![CDATA[]]></content:encoded>
		<excerpt:encoded><![CDATA[]]></excerpt:encoded>
		<wp:post_id>18</wp:post_id>
		<wp:post_date>2014-03-05 17:06:17</wp:post_date>
		<wp:post_date_gmt>2014-03-05 17:06:17</wp:post_date_gmt>
		<wp:comment_status>open</wp:comment_status>
		<wp:ping_status>open</wp:ping_status>
		<wp:post_name>projektkreatywatemplatefav43x43</wp:post_name>
		<wp:status>inherit</wp:status>
		<wp:post_parent>0</wp:post_parent>
		<wp:menu_order>0</wp:menu_order>
		<wp:post_type>attachment</wp:post_type>
		<wp:post_password></wp:post_password>
		<wp:is_sticky>0</wp:is_sticky>
		<wp:attachment_url>http://kreatywa.diasporachangemakers.net/wp-content/uploads/sites/9/2014/03/projektKreatywaTemplateFav43x43.jpg</wp:attachment_url>
		<wp:postmeta>
			<wp:meta_key>_wp_attached_file</wp:meta_key>
			<wp:meta_value><![CDATA[2014/03/projektKreatywaTemplateFav43x43.jpg]]></wp:meta_value>
		</wp:postmeta>
		<wp:postmeta>
			<wp:meta_key>_wp_attachment_metadata</wp:meta_key>
			<wp:meta_value><![CDATA[a:5:{s:5:"width";i:43;s:6:"height";i:43;s:4:"file";s:43:"2014/03/projektKreatywaTemplateFav43x43.jpg";s:5:"sizes";a:0:{}s:10:"image_meta";a:10:{s:8:"aperture";i:0;s:6:"credit";s:0:"";s:6:"camera";s:0:"";s:7:"caption";s:0:"";s:17:"created_timestamp";i:0;s:9:"copyright";s:0:"";s:12:"focal_length";i:0;s:3:"iso";i:0;s:13:"shutter_speed";i:0;s:5:"title";s:0:"";}}]]></wp:meta_value>
		</wp:postmeta>
	</item>
	<item>
				<title>projektKreatywaHead911x112</title>
		<link>http://kreatywa.diasporachangemakers.net/?attachment_id=19</link>
		<pubDate>Wed, 05 Mar 2014 17:11:16 +0000</pubDate>
		<dc:creator><![CDATA[]]></dc:creator>
		<guid isPermaLink="false">http://kreatywa.diasporachangemakers.net/wp-content/uploads/sites/9/2014/03/projektKreatywaHead911x112.png</guid>
		<description></description>
		<content:encoded><![CDATA[]]></content:encoded>
		<excerpt:encoded><![CDATA[]]></excerpt:encoded>
		<wp:post_id>19</wp:post_id>
		<wp:post_date>2014-03-05 17:11:16</wp:post_date>
		<wp:post_date_gmt>2014-03-05 17:11:16</wp:post_date_gmt>
		<wp:comment_status>open</wp:comment_status>
		<wp:ping_status>open</wp:ping_status>
		<wp:post_name>projektkreatywahead911x112</wp:post_name>
		<wp:status>inherit</wp:status>
		<wp:post_parent>0</wp:post_parent>
		<wp:menu_order>0</wp:menu_order>
		<wp:post_type>attachment</wp:post_type>
		<wp:post_password></wp:post_password>
		<wp:is_sticky>0</wp:is_sticky>
		<wp:attachment_url>http://kreatywa.diasporachangemakers.net/wp-content/uploads/sites/9/2014/03/projektKreatywaHead911x112.png</wp:attachment_url>
		<wp:postmeta>
			<wp:meta_key>_wp_attached_file</wp:meta_key>
			<wp:meta_value><![CDATA[2014/03/projektKreatywaHead911x112.png]]></wp:meta_value>
		</wp:postmeta>
		<wp:postmeta>
			<wp:meta_key>_wp_attachment_metadata</wp:meta_key>
			<wp:meta_value><![CDATA[a:5:{s:5:"width";i:911;s:6:"height";i:112;s:4:"file";s:38:"2014/03/projektKreatywaHead911x112.png";s:5:"sizes";a:4:{s:9:"thumbnail";a:4:{s:4:"file";s:38:"projektKreatywaHead911x112-150x112.png";s:5:"width";i:150;s:6:"height";i:112;s:9:"mime-type";s:9:"image/png";}s:6:"medium";a:4:{s:4:"file";s:37:"projektKreatywaHead911x112-300x36.png";s:5:"width";i:300;s:6:"height";i:36;s:9:"mime-type";s:9:"image/png";}s:14:"featured-thumb";a:4:{s:4:"file";s:37:"projektKreatywaHead911x112-100x80.png";s:5:"width";i:100;s:6:"height";i:80;s:9:"mime-type";s:9:"image/png";}s:14:"headline-thumb";a:4:{s:4:"file";s:38:"projektKreatywaHead911x112-200x112.png";s:5:"width";i:200;s:6:"height";i:112;s:9:"mime-type";s:9:"image/png";}}s:10:"image_meta";a:10:{s:8:"aperture";i:0;s:6:"credit";s:0:"";s:6:"camera";s:0:"";s:7:"caption";s:0:"";s:17:"created_timestamp";i:0;s:9:"copyright";s:0:"";s:12:"focal_length";i:0;s:3:"iso";i:0;s:13:"shutter_speed";i:0;s:5:"title";s:0:"";}}]]></wp:meta_value>
		</wp:postmeta>
	</item>
	<item>
				<title>sketchbook-page-pattern</title>
		<link>http://kreatywa.diasporachangemakers.net/?attachment_id=21</link>
		<pubDate>Thu, 06 Mar 2014 02:09:18 +0000</pubDate>
		<dc:creator><![CDATA[]]></dc:creator>
		<guid isPermaLink="false">http://kreatywa.diasporachangemakers.net/wp-content/uploads/sites/9/2014/03/sketchbook-page-pattern.png</guid>
		<description></description>
		<content:encoded><![CDATA[]]></content:encoded>
		<excerpt:encoded><![CDATA[]]></excerpt:encoded>
		<wp:post_id>21</wp:post_id>
		<wp:post_date>2014-03-06 02:09:18</wp:post_date>
		<wp:post_date_gmt>2014-03-06 02:09:18</wp:post_date_gmt>
		<wp:comment_status>open</wp:comment_status>
		<wp:ping_status>open</wp:ping_status>
		<wp:post_name>sketchbook-page-pattern</wp:post_name>
		<wp:status>inherit</wp:status>
		<wp:post_parent>0</wp:post_parent>
		<wp:menu_order>0</wp:menu_order>
		<wp:post_type>attachment</wp:post_type>
		<wp:post_password></wp:post_password>
		<wp:is_sticky>0</wp:is_sticky>
		<wp:attachment_url>http://kreatywa.diasporachangemakers.net/wp-content/uploads/sites/9/2014/03/sketchbook-page-pattern.png</wp:attachment_url>
		<wp:postmeta>
			<wp:meta_key>_wp_attached_file</wp:meta_key>
			<wp:meta_value><![CDATA[2014/03/sketchbook-page-pattern.png]]></wp:meta_value>
		</wp:postmeta>
		<wp:postmeta>
			<wp:meta_key>_wp_attachment_context</wp:meta_key>
			<wp:meta_value><![CDATA[custom-background]]></wp:meta_value>
		</wp:postmeta>
		<wp:postmeta>
			<wp:meta_key>_wp_attachment_metadata</wp:meta_key>
			<wp:meta_value><![CDATA[a:5:{s:5:"width";i:49;s:6:"height";i:459;s:4:"file";s:35:"2014/03/sketchbook-page-pattern.png";s:5:"sizes";a:4:{s:9:"thumbnail";a:4:{s:4:"file";s:34:"sketchbook-page-pattern-49x150.png";s:5:"width";i:49;s:6:"height";i:150;s:9:"mime-type";s:9:"image/png";}s:6:"medium";a:4:{s:4:"file";s:34:"sketchbook-page-pattern-32x300.png";s:5:"width";i:32;s:6:"height";i:300;s:9:"mime-type";s:9:"image/png";}s:14:"featured-thumb";a:4:{s:4:"file";s:33:"sketchbook-page-pattern-49x80.png";s:5:"width";i:49;s:6:"height";i:80;s:9:"mime-type";s:9:"image/png";}s:14:"headline-thumb";a:4:{s:4:"file";s:34:"sketchbook-page-pattern-49x225.png";s:5:"width";i:49;s:6:"height";i:225;s:9:"mime-type";s:9:"image/png";}}s:10:"image_meta";a:10:{s:8:"aperture";i:0;s:6:"credit";s:0:"";s:6:"camera";s:0:"";s:7:"caption";s:0:"";s:17:"created_timestamp";i:0;s:9:"copyright";s:0:"";s:12:"focal_length";i:0;s:3:"iso";i:0;s:13:"shutter_speed";i:0;s:5:"title";s:0:"";}}]]></wp:meta_value>
		</wp:postmeta>
		<wp:postmeta>
			<wp:meta_key>_wp_attachment_is_custom_background</wp:meta_key>
			<wp:meta_value><![CDATA[arcade-basic]]></wp:meta_value>
		</wp:postmeta>
	</item>
	<item>
				<title>projektKreatywa1542x873Back</title>
		<link>http://kreatywa.diasporachangemakers.net/?attachment_id=77</link>
		<pubDate>Thu, 24 Apr 2014 11:56:19 +0000</pubDate>
		<dc:creator><![CDATA[devteam]]></dc:creator>
		<guid isPermaLink="false">http://kreatywa.diasporachangemakers.net/wp-content/uploads/sites/9/2014/04/projektKreatywa1542x873Back.jpg</guid>
		<description></description>
		<content:encoded><![CDATA[]]></content:encoded>
		<excerpt:encoded><![CDATA[]]></excerpt:encoded>
		<wp:post_id>77</wp:post_id>
		<wp:post_date>2014-04-24 11:56:19</wp:post_date>
		<wp:post_date_gmt>2014-04-24 11:56:19</wp:post_date_gmt>
		<wp:comment_status>open</wp:comment_status>
		<wp:ping_status>open</wp:ping_status>
		<wp:post_name>projektkreatywa1542x873back</wp:post_name>
		<wp:status>inherit</wp:status>
		<wp:post_parent>0</wp:post_parent>
		<wp:menu_order>0</wp:menu_order>
		<wp:post_type>attachment</wp:post_type>
		<wp:post_password></wp:post_password>
		<wp:is_sticky>0</wp:is_sticky>
		<wp:attachment_url>http://kreatywa.diasporachangemakers.net/wp-content/uploads/sites/9/2014/04/projektKreatywa1542x873Back.jpg</wp:attachment_url>
		<wp:postmeta>
			<wp:meta_key>_wp_attached_file</wp:meta_key>
			<wp:meta_value><![CDATA[2014/04/projektKreatywa1542x873Back.jpg]]></wp:meta_value>
		</wp:postmeta>
		<wp:postmeta>
			<wp:meta_key>_wp_attachment_metadata</wp:meta_key>
			<wp:meta_value><![CDATA[a:5:{s:5:"width";i:1542;s:6:"height";i:873;s:4:"file";s:39:"2014/04/projektKreatywa1542x873Back.jpg";s:5:"sizes";a:5:{s:9:"thumbnail";a:4:{s:4:"file";s:39:"projektKreatywa1542x873Back-150x150.jpg";s:5:"width";i:150;s:6:"height";i:150;s:9:"mime-type";s:10:"image/jpeg";}s:6:"medium";a:4:{s:4:"file";s:39:"projektKreatywa1542x873Back-300x169.jpg";s:5:"width";i:300;s:6:"height";i:169;s:9:"mime-type";s:10:"image/jpeg";}s:5:"large";a:4:{s:4:"file";s:40:"projektKreatywa1542x873Back-1024x579.jpg";s:5:"width";i:1024;s:6:"height";i:579;s:9:"mime-type";s:10:"image/jpeg";}s:4:"half";a:4:{s:4:"file";s:39:"projektKreatywa1542x873Back-570x220.jpg";s:5:"width";i:570;s:6:"height";i:220;s:9:"mime-type";s:10:"image/jpeg";}s:9:"square100";a:4:{s:4:"file";s:39:"projektKreatywa1542x873Back-100x100.jpg";s:5:"width";i:100;s:6:"height";i:100;s:9:"mime-type";s:10:"image/jpeg";}}s:10:"image_meta";a:10:{s:8:"aperture";i:0;s:6:"credit";s:0:"";s:6:"camera";s:0:"";s:7:"caption";s:0:"";s:17:"created_timestamp";i:0;s:9:"copyright";s:0:"";s:12:"focal_length";i:0;s:3:"iso";i:0;s:13:"shutter_speed";i:0;s:5:"title";s:0:"";}}]]></wp:meta_value>
		</wp:postmeta>
	</item>
	<item>
				<title>cropped-projektKreatywa1542x873Back.jpg</title>
		<link>http://kreatywa.diasporachangemakers.net/?attachment_id=78</link>
		<pubDate>Thu, 24 Apr 2014 11:56:49 +0000</pubDate>
		<dc:creator><![CDATA[devteam]]></dc:creator>
		<guid isPermaLink="false">http://kreatywa.diasporachangemakers.net/wp-content/uploads/sites/9/2014/04/cropped-projektKreatywa1542x873Back.jpg</guid>
		<description></description>
		<content:encoded><![CDATA[http://kreatywa.diasporachangemakers.net/wp-content/uploads/sites/9/2014/04/cropped-projektKreatywa1542x873Back.jpg]]></content:encoded>
		<excerpt:encoded><![CDATA[]]></excerpt:encoded>
		<wp:post_id>78</wp:post_id>
		<wp:post_date>2014-04-24 11:56:49</wp:post_date>
		<wp:post_date_gmt>2014-04-24 11:56:49</wp:post_date_gmt>
		<wp:comment_status>open</wp:comment_status>
		<wp:ping_status>open</wp:ping_status>
		<wp:post_name>cropped-projektkreatywa1542x873back-jpg</wp:post_name>
		<wp:status>inherit</wp:status>
		<wp:post_parent>0</wp:post_parent>
		<wp:menu_order>0</wp:menu_order>
		<wp:post_type>attachment</wp:post_type>
		<wp:post_password></wp:post_password>
		<wp:is_sticky>0</wp:is_sticky>
		<wp:attachment_url>http://kreatywa.diasporachangemakers.net/wp-content/uploads/sites/9/2014/04/cropped-projektKreatywa1542x873Back.jpg</wp:attachment_url>
		<wp:postmeta>
			<wp:meta_key>_wp_attachment_metadata</wp:meta_key>
			<wp:meta_value><![CDATA[a:5:{s:5:"width";i:1412;s:6:"height";i:873;s:4:"file";s:47:"2014/04/cropped-projektKreatywa1542x873Back.jpg";s:5:"sizes";a:5:{s:9:"thumbnail";a:4:{s:4:"file";s:47:"cropped-projektKreatywa1542x873Back-150x150.jpg";s:5:"width";i:150;s:6:"height";i:150;s:9:"mime-type";s:10:"image/jpeg";}s:6:"medium";a:4:{s:4:"file";s:47:"cropped-projektKreatywa1542x873Back-300x185.jpg";s:5:"width";i:300;s:6:"height";i:185;s:9:"mime-type";s:10:"image/jpeg";}s:5:"large";a:4:{s:4:"file";s:48:"cropped-projektKreatywa1542x873Back-1024x633.jpg";s:5:"width";i:1024;s:6:"height";i:633;s:9:"mime-type";s:10:"image/jpeg";}s:4:"half";a:4:{s:4:"file";s:47:"cropped-projektKreatywa1542x873Back-570x220.jpg";s:5:"width";i:570;s:6:"height";i:220;s:9:"mime-type";s:10:"image/jpeg";}s:9:"square100";a:4:{s:4:"file";s:47:"cropped-projektKreatywa1542x873Back-100x100.jpg";s:5:"width";i:100;s:6:"height";i:100;s:9:"mime-type";s:10:"image/jpeg";}}s:10:"image_meta";a:10:{s:8:"aperture";i:0;s:6:"credit";s:0:"";s:6:"camera";s:0:"";s:7:"caption";s:0:"";s:17:"created_timestamp";i:0;s:9:"copyright";s:0:"";s:12:"focal_length";i:0;s:3:"iso";i:0;s:13:"shutter_speed";i:0;s:5:"title";s:0:"";}}]]></wp:meta_value>
		</wp:postmeta>
		<wp:postmeta>
			<wp:meta_key>_wp_attachment_context</wp:meta_key>
			<wp:meta_value><![CDATA[custom-header]]></wp:meta_value>
		</wp:postmeta>
		<wp:postmeta>
			<wp:meta_key>_wp_attached_file</wp:meta_key>
			<wp:meta_value><![CDATA[2014/04/cropped-projektKreatywa1542x873Back.jpg]]></wp:meta_value>
		</wp:postmeta>
		<wp:postmeta>
			<wp:meta_key>_wp_attachment_custom_header_last_used_arcade-basic</wp:meta_key>
			<wp:meta_value><![CDATA[1398577514]]></wp:meta_value>
		</wp:postmeta>
		<wp:postmeta>
			<wp:meta_key>_wp_attachment_is_custom_header</wp:meta_key>
			<wp:meta_value><![CDATA[arcade-basic]]></wp:meta_value>
		</wp:postmeta>
	</item>
	<item>
				<title>Events</title>
		<link>http://kreatywa.diasporachangemakers.net/events/</link>
		<pubDate>Sun, 09 Mar 2014 00:14:00 +0000</pubDate>
		<dc:creator><![CDATA[]]></dc:creator>
		<guid isPermaLink="false">http://kreatywa.diasporachangemakers.net/events/</guid>
		<description></description>
		<content:encoded><![CDATA[CONTENTS]]></content:encoded>
		<excerpt:encoded><![CDATA[CONTENTS]]></excerpt:encoded>
		<wp:post_id>45</wp:post_id>
		<wp:post_date>2014-03-09 00:14:00</wp:post_date>
		<wp:post_date_gmt>2014-03-09 00:14:00</wp:post_date_gmt>
		<wp:comment_status>open</wp:comment_status>
		<wp:ping_status>open</wp:ping_status>
		<wp:post_name>events</wp:post_name>
		<wp:status>publish</wp:status>
		<wp:post_parent>0</wp:post_parent>
		<wp:menu_order>0</wp:menu_order>
		<wp:post_type>page</wp:post_type>
		<wp:post_password></wp:post_password>
		<wp:is_sticky>0</wp:is_sticky>
		<wp:postmeta>
			<wp:meta_key>_wpas_done_all</wp:meta_key>
			<wp:meta_value><![CDATA[1]]></wp:meta_value>
		</wp:postmeta>
	</item>
	<item>
				<title>Locations</title>
		<link>http://kreatywa.diasporachangemakers.net/events/locations/</link>
		<pubDate>Sun, 09 Mar 2014 00:14:00 +0000</pubDate>
		<dc:creator><![CDATA[]]></dc:creator>
		<guid isPermaLink="false">http://kreatywa.diasporachangemakers.net/events/locations/</guid>
		<description></description>
		<content:encoded><![CDATA[CONTENTS]]></content:encoded>
		<excerpt:encoded><![CDATA[]]></excerpt:encoded>
		<wp:post_id>46</wp:post_id>
		<wp:post_date>2014-03-09 00:14:00</wp:post_date>
		<wp:post_date_gmt>2014-03-09 00:14:00</wp:post_date_gmt>
		<wp:comment_status>open</wp:comment_status>
		<wp:ping_status>open</wp:ping_status>
		<wp:post_name>locations</wp:post_name>
		<wp:status>publish</wp:status>
		<wp:post_parent>45</wp:post_parent>
		<wp:menu_order>0</wp:menu_order>
		<wp:post_type>page</wp:post_type>
		<wp:post_password></wp:post_password>
		<wp:is_sticky>0</wp:is_sticky>
		<wp:postmeta>
			<wp:meta_key>_wpas_done_all</wp:meta_key>
			<wp:meta_value><![CDATA[1]]></wp:meta_value>
		</wp:postmeta>
	</item>
	<item>
				<title>Categories</title>
		<link>http://kreatywa.diasporachangemakers.net/events/categories/</link>
		<pubDate>Sun, 09 Mar 2014 00:14:00 +0000</pubDate>
		<dc:creator><![CDATA[]]></dc:creator>
		<guid isPermaLink="false">http://kreatywa.diasporachangemakers.net/events/categories/</guid>
		<description></description>
		<content:encoded><![CDATA[CONTENTS]]></content:encoded>
		<excerpt:encoded><![CDATA[]]></excerpt:encoded>
		<wp:post_id>47</wp:post_id>
		<wp:post_date>2014-03-09 00:14:00</wp:post_date>
		<wp:post_date_gmt>2014-03-09 00:14:00</wp:post_date_gmt>
		<wp:comment_status>open</wp:comment_status>
		<wp:ping_status>open</wp:ping_status>
		<wp:post_name>categories</wp:post_name>
		<wp:status>publish</wp:status>
		<wp:post_parent>45</wp:post_parent>
		<wp:menu_order>0</wp:menu_order>
		<wp:post_type>page</wp:post_type>
		<wp:post_password></wp:post_password>
		<wp:is_sticky>0</wp:is_sticky>
		<wp:postmeta>
			<wp:meta_key>_wpas_done_all</wp:meta_key>
			<wp:meta_value><![CDATA[1]]></wp:meta_value>
		</wp:postmeta>
	</item>
	<item>
				<title>Tags</title>
		<link>http://kreatywa.diasporachangemakers.net/events/tags/</link>
		<pubDate>Sun, 09 Mar 2014 00:14:00 +0000</pubDate>
		<dc:creator><![CDATA[]]></dc:creator>
		<guid isPermaLink="false">http://kreatywa.diasporachangemakers.net/events/tags/</guid>
		<description></description>
		<content:encoded><![CDATA[CONTENTS]]></content:encoded>
		<excerpt:encoded><![CDATA[]]></excerpt:encoded>
		<wp:post_id>48</wp:post_id>
		<wp:post_date>2014-03-09 00:14:00</wp:post_date>
		<wp:post_date_gmt>2014-03-09 00:14:00</wp:post_date_gmt>
		<wp:comment_status>open</wp:comment_status>
		<wp:ping_status>open</wp:ping_status>
		<wp:post_name>tags</wp:post_name>
		<wp:status>publish</wp:status>
		<wp:post_parent>45</wp:post_parent>
		<wp:menu_order>0</wp:menu_order>
		<wp:post_type>page</wp:post_type>
		<wp:post_password></wp:post_password>
		<wp:is_sticky>0</wp:is_sticky>
		<wp:postmeta>
			<wp:meta_key>_wpas_done_all</wp:meta_key>
			<wp:meta_value><![CDATA[1]]></wp:meta_value>
		</wp:postmeta>
	</item>
	<item>
				<title>My Bookings</title>
		<link>http://kreatywa.diasporachangemakers.net/events/my-bookings/</link>
		<pubDate>Sun, 09 Mar 2014 00:14:00 +0000</pubDate>
		<dc:creator><![CDATA[]]></dc:creator>
		<guid isPermaLink="false">http://kreatywa.diasporachangemakers.net/events/my-bookings/</guid>
		<description></description>
		<content:encoded><![CDATA[CONTENTS]]></content:encoded>
		<excerpt:encoded><![CDATA[]]></excerpt:encoded>
		<wp:post_id>49</wp:post_id>
		<wp:post_date>2014-03-09 00:14:00</wp:post_date>
		<wp:post_date_gmt>2014-03-09 00:14:00</wp:post_date_gmt>
		<wp:comment_status>open</wp:comment_status>
		<wp:ping_status>open</wp:ping_status>
		<wp:post_name>my-bookings</wp:post_name>
		<wp:status>publish</wp:status>
		<wp:post_parent>45</wp:post_parent>
		<wp:menu_order>0</wp:menu_order>
		<wp:post_type>page</wp:post_type>
		<wp:post_password></wp:post_password>
		<wp:is_sticky>0</wp:is_sticky>
		<wp:postmeta>
			<wp:meta_key>_wpas_done_all</wp:meta_key>
			<wp:meta_value><![CDATA[1]]></wp:meta_value>
		</wp:postmeta>
	</item>
	<item>
				<title>Untitled-1</title>
		<link>http://kreatywa.diasporachangemakers.net/?attachment_id=76</link>
		<pubDate>Thu, 24 Apr 2014 11:55:07 +0000</pubDate>
		<dc:creator><![CDATA[devteam]]></dc:creator>
		<guid isPermaLink="false">http://kreatywa.diasporachangemakers.net/wp-content/uploads/sites/9/2014/04/Untitled-1.jpg</guid>
		<description></description>
		<content:encoded><![CDATA[]]></content:encoded>
		<excerpt:encoded><![CDATA[]]></excerpt:encoded>
		<wp:post_id>76</wp:post_id>
		<wp:post_date>2014-04-24 11:55:07</wp:post_date>
		<wp:post_date_gmt>2014-04-24 11:55:07</wp:post_date_gmt>
		<wp:comment_status>open</wp:comment_status>
		<wp:ping_status>open</wp:ping_status>
		<wp:post_name>untitled-1</wp:post_name>
		<wp:status>inherit</wp:status>
		<wp:post_parent>0</wp:post_parent>
		<wp:menu_order>0</wp:menu_order>
		<wp:post_type>attachment</wp:post_type>
		<wp:post_password></wp:post_password>
		<wp:is_sticky>0</wp:is_sticky>
		<wp:attachment_url>http://kreatywa.diasporachangemakers.net/wp-content/uploads/sites/9/2014/04/Untitled-1.jpg</wp:attachment_url>
		<wp:postmeta>
			<wp:meta_key>_wp_attachment_is_custom_background</wp:meta_key>
			<wp:meta_value><![CDATA[arcade-basic]]></wp:meta_value>
		</wp:postmeta>
		<wp:postmeta>
			<wp:meta_key>_wp_attachment_metadata</wp:meta_key>
			<wp:meta_value><![CDATA[a:5:{s:5:"width";i:640;s:6:"height";i:640;s:4:"file";s:22:"2014/04/Untitled-1.jpg";s:5:"sizes";a:4:{s:9:"thumbnail";a:4:{s:4:"file";s:22:"Untitled-1-150x150.jpg";s:5:"width";i:150;s:6:"height";i:150;s:9:"mime-type";s:10:"image/jpeg";}s:6:"medium";a:4:{s:4:"file";s:22:"Untitled-1-300x300.jpg";s:5:"width";i:300;s:6:"height";i:300;s:9:"mime-type";s:10:"image/jpeg";}s:4:"half";a:4:{s:4:"file";s:22:"Untitled-1-570x220.jpg";s:5:"width";i:570;s:6:"height";i:220;s:9:"mime-type";s:10:"image/jpeg";}s:9:"square100";a:4:{s:4:"file";s:22:"Untitled-1-100x100.jpg";s:5:"width";i:100;s:6:"height";i:100;s:9:"mime-type";s:10:"image/jpeg";}}s:10:"image_meta";a:10:{s:8:"aperture";i:0;s:6:"credit";s:0:"";s:6:"camera";s:0:"";s:7:"caption";s:0:"";s:17:"created_timestamp";i:0;s:9:"copyright";s:0:"";s:12:"focal_length";i:0;s:3:"iso";i:0;s:13:"shutter_speed";i:0;s:5:"title";s:0:"";}}]]></wp:meta_value>
		</wp:postmeta>
		<wp:postmeta>
			<wp:meta_key>_wp_attachment_context</wp:meta_key>
			<wp:meta_value><![CDATA[custom-background]]></wp:meta_value>
		</wp:postmeta>
		<wp:postmeta>
			<wp:meta_key>_wp_attached_file</wp:meta_key>
			<wp:meta_value><![CDATA[2014/04/Untitled-1.jpg]]></wp:meta_value>
		</wp:postmeta>
	</item>
	<item>
				<title>cropped-projektKreatywaHead911x112.png</title>
		<link>http://kreatywa.diasporachangemakers.net/?attachment_id=57</link>
		<pubDate>Sun, 09 Mar 2014 19:12:01 +0000</pubDate>
		<dc:creator><![CDATA[]]></dc:creator>
		<guid isPermaLink="false">http://kreatywa.diasporachangemakers.net/wp-content/uploads/sites/9/2014/03/cropped-projektKreatywaHead911x112.png</guid>
		<description></description>
		<content:encoded><![CDATA[http://kreatywa.diasporachangemakers.net/wp-content/uploads/sites/9/2014/03/cropped-projektKreatywaHead911x112.png]]></content:encoded>
		<excerpt:encoded><![CDATA[]]></excerpt:encoded>
		<wp:post_id>57</wp:post_id>
		<wp:post_date>2014-03-09 19:12:01</wp:post_date>
		<wp:post_date_gmt>2014-03-09 19:12:01</wp:post_date_gmt>
		<wp:comment_status>open</wp:comment_status>
		<wp:ping_status>open</wp:ping_status>
		<wp:post_name>cropped-projektkreatywahead911x112-png</wp:post_name>
		<wp:status>inherit</wp:status>
		<wp:post_parent>0</wp:post_parent>
		<wp:menu_order>0</wp:menu_order>
		<wp:post_type>attachment</wp:post_type>
		<wp:post_password></wp:post_password>
		<wp:is_sticky>0</wp:is_sticky>
		<wp:attachment_url>http://kreatywa.diasporachangemakers.net/wp-content/uploads/sites/9/2014/03/cropped-projektKreatywaHead911x112.png</wp:attachment_url>
		<wp:postmeta>
			<wp:meta_key>_wp_attached_file</wp:meta_key>
			<wp:meta_value><![CDATA[2014/03/cropped-projektKreatywaHead911x112.png]]></wp:meta_value>
		</wp:postmeta>
		<wp:postmeta>
			<wp:meta_key>_wp_attachment_context</wp:meta_key>
			<wp:meta_value><![CDATA[custom-header]]></wp:meta_value>
		</wp:postmeta>
		<wp:postmeta>
			<wp:meta_key>_wp_attachment_metadata</wp:meta_key>
			<wp:meta_value><![CDATA[a:5:{s:5:"width";i:1050;s:6:"height";i:120;s:4:"file";s:46:"2014/03/cropped-projektKreatywaHead911x112.png";s:5:"sizes";a:6:{s:9:"thumbnail";a:4:{s:4:"file";s:46:"cropped-projektKreatywaHead911x112-150x120.png";s:5:"width";i:150;s:6:"height";i:120;s:9:"mime-type";s:9:"image/png";}s:6:"medium";a:4:{s:4:"file";s:45:"cropped-projektKreatywaHead911x112-300x34.png";s:5:"width";i:300;s:6:"height";i:34;s:9:"mime-type";s:9:"image/png";}s:5:"large";a:4:{s:4:"file";s:47:"cropped-projektKreatywaHead911x112-1024x117.png";s:5:"width";i:1024;s:6:"height";i:117;s:9:"mime-type";s:9:"image/png";}s:6:"custom";a:4:{s:4:"file";s:45:"cropped-projektKreatywaHead911x112-250x28.png";s:5:"width";i:250;s:6:"height";i:28;s:9:"mime-type";s:9:"image/png";}s:14:"post-thumbnail";a:4:{s:4:"file";s:45:"cropped-projektKreatywaHead911x112-150x17.png";s:5:"width";i:150;s:6:"height";i:17;s:9:"mime-type";s:9:"image/png";}s:6:"header";a:4:{s:4:"file";s:47:"cropped-projektKreatywaHead911x112-1050x120.png";s:5:"width";i:1050;s:6:"height";i:120;s:9:"mime-type";s:9:"image/png";}}s:10:"image_meta";a:10:{s:8:"aperture";i:0;s:6:"credit";s:0:"";s:6:"camera";s:0:"";s:7:"caption";s:0:"";s:17:"created_timestamp";i:0;s:9:"copyright";s:0:"";s:12:"focal_length";i:0;s:3:"iso";i:0;s:13:"shutter_speed";i:0;s:5:"title";s:0:"";}}]]></wp:meta_value>
		</wp:postmeta>
		<wp:postmeta>
			<wp:meta_key>_wp_attachment_is_custom_header</wp:meta_key>
			<wp:meta_value><![CDATA[parabola]]></wp:meta_value>
		</wp:postmeta>
	</item>
	<item>
				<title></title>
		<link>http://kreatywa.diasporachangemakers.net/2014/03/09/60/</link>
		<pubDate>Sun, 09 Mar 2014 19:30:42 +0000</pubDate>
		<dc:creator><![CDATA[]]></dc:creator>
		<guid isPermaLink="false">http://kreatywa.diasporachangemakers.net/?p=60</guid>
		<description></description>
		<content:encoded><![CDATA[erferf]]></content:encoded>
		<excerpt:encoded><![CDATA[]]></excerpt:encoded>
		<wp:post_id>60</wp:post_id>
		<wp:post_date>2014-03-09 19:30:42</wp:post_date>
		<wp:post_date_gmt>2014-03-09 19:30:42</wp:post_date_gmt>
		<wp:comment_status>open</wp:comment_status>
		<wp:ping_status>open</wp:ping_status>
		<wp:post_name>60</wp:post_name>
		<wp:status>publish</wp:status>
		<wp:post_parent>0</wp:post_parent>
		<wp:menu_order>2</wp:menu_order>
		<wp:post_type>nav_menu_item</wp:post_type>
		<wp:post_password></wp:post_password>
		<wp:is_sticky>0</wp:is_sticky>
		<category domain="nav_menu" nicename="qwerty"><![CDATA[qwerty]]></category>
		<wp:postmeta>
			<wp:meta_key>_menu_item_type</wp:meta_key>
			<wp:meta_value><![CDATA[taxonomy]]></wp:meta_value>
		</wp:postmeta>
		<wp:postmeta>
			<wp:meta_key>_menu_item_menu_item_parent</wp:meta_key>
			<wp:meta_value><![CDATA[0]]></wp:meta_value>
		</wp:postmeta>
		<wp:postmeta>
			<wp:meta_key>_menu_item_object_id</wp:meta_key>
			<wp:meta_value><![CDATA[4]]></wp:meta_value>
		</wp:postmeta>
		<wp:postmeta>
			<wp:meta_key>_menu_item_object</wp:meta_key>
			<wp:meta_value><![CDATA[cp-bp-group]]></wp:meta_value>
		</wp:postmeta>
		<wp:postmeta>
			<wp:meta_key>_menu_item_target</wp:meta_key>
			<wp:meta_value><![CDATA[]]></wp:meta_value>
		</wp:postmeta>
		<wp:postmeta>
			<wp:meta_key>_menu_item_classes</wp:meta_key>
			<wp:meta_value><![CDATA[a:1:{i:0;s:0:"";}]]></wp:meta_value>
		</wp:postmeta>
		<wp:postmeta>
			<wp:meta_key>_menu_item_xfn</wp:meta_key>
			<wp:meta_value><![CDATA[]]></wp:meta_value>
		</wp:postmeta>
		<wp:postmeta>
			<wp:meta_key>_menu_item_url</wp:meta_key>
			<wp:meta_value><![CDATA[]]></wp:meta_value>
		</wp:postmeta>
		<wp:postmeta>
			<wp:meta_key>_wpas_done_all</wp:meta_key>
			<wp:meta_value><![CDATA[1]]></wp:meta_value>
		</wp:postmeta>
	</item>
	<item>
				<title>Events</title>
		<link>http://kreatywa.diasporachangemakers.net/2014/03/09/events/</link>
		<pubDate>Sun, 09 Mar 2014 19:30:42 +0000</pubDate>
		<dc:creator><![CDATA[]]></dc:creator>
		<guid isPermaLink="false">http://kreatywa.diasporachangemakers.net/?p=61</guid>
		<description></description>
		<content:encoded><![CDATA[]]></content:encoded>
		<excerpt:encoded><![CDATA[]]></excerpt:encoded>
		<wp:post_id>61</wp:post_id>
		<wp:post_date>2014-03-09 19:30:42</wp:post_date>
		<wp:post_date_gmt>2014-03-09 19:30:42</wp:post_date_gmt>
		<wp:comment_status>open</wp:comment_status>
		<wp:ping_status>open</wp:ping_status>
		<wp:post_name>events</wp:post_name>
		<wp:status>publish</wp:status>
		<wp:post_parent>0</wp:post_parent>
		<wp:menu_order>3</wp:menu_order>
		<wp:post_type>nav_menu_item</wp:post_type>
		<wp:post_password></wp:post_password>
		<wp:is_sticky>0</wp:is_sticky>
		<category domain="nav_menu" nicename="qwerty"><![CDATA[qwerty]]></category>
		<wp:postmeta>
			<wp:meta_key>_menu_item_type</wp:meta_key>
			<wp:meta_value><![CDATA[custom]]></wp:meta_value>
		</wp:postmeta>
		<wp:postmeta>
			<wp:meta_key>_menu_item_menu_item_parent</wp:meta_key>
			<wp:meta_value><![CDATA[0]]></wp:meta_value>
		</wp:postmeta>
		<wp:postmeta>
			<wp:meta_key>_menu_item_object_id</wp:meta_key>
			<wp:meta_value><![CDATA[61]]></wp:meta_value>
		</wp:postmeta>
		<wp:postmeta>
			<wp:meta_key>_menu_item_object</wp:meta_key>
			<wp:meta_value><![CDATA[custom]]></wp:meta_value>
		</wp:postmeta>
		<wp:postmeta>
			<wp:meta_key>_menu_item_target</wp:meta_key>
			<wp:meta_value><![CDATA[]]></wp:meta_value>
		</wp:postmeta>
		<wp:postmeta>
			<wp:meta_key>_menu_item_classes</wp:meta_key>
			<wp:meta_value><![CDATA[a:1:{i:0;s:0:"";}]]></wp:meta_value>
		</wp:postmeta>
		<wp:postmeta>
			<wp:meta_key>_menu_item_xfn</wp:meta_key>
			<wp:meta_value><![CDATA[]]></wp:meta_value>
		</wp:postmeta>
		<wp:postmeta>
			<wp:meta_key>_menu_item_url</wp:meta_key>
			<wp:meta_value><![CDATA[http://kreatywa.diasporachangemakers.net/events/]]></wp:meta_value>
		</wp:postmeta>
		<wp:postmeta>
			<wp:meta_key>_wpas_done_all</wp:meta_key>
			<wp:meta_value><![CDATA[1]]></wp:meta_value>
		</wp:postmeta>
	</item>
	<item>
				<title></title>
		<link>http://kreatywa.diasporachangemakers.net/2014/03/09/62/</link>
		<pubDate>Sun, 09 Mar 2014 19:30:42 +0000</pubDate>
		<dc:creator><![CDATA[]]></dc:creator>
		<guid isPermaLink="false">http://kreatywa.diasporachangemakers.net/?p=62</guid>
		<description></description>
		<content:encoded><![CDATA[ ]]></content:encoded>
		<excerpt:encoded><![CDATA[]]></excerpt:encoded>
		<wp:post_id>62</wp:post_id>
		<wp:post_date>2014-03-09 19:30:42</wp:post_date>
		<wp:post_date_gmt>2014-03-09 19:30:42</wp:post_date_gmt>
		<wp:comment_status>open</wp:comment_status>
		<wp:ping_status>open</wp:ping_status>
		<wp:post_name>62</wp:post_name>
		<wp:status>publish</wp:status>
		<wp:post_parent>0</wp:post_parent>
		<wp:menu_order>5</wp:menu_order>
		<wp:post_type>nav_menu_item</wp:post_type>
		<wp:post_password></wp:post_password>
		<wp:is_sticky>0</wp:is_sticky>
		<category domain="nav_menu" nicename="qwerty"><![CDATA[qwerty]]></category>
		<wp:postmeta>
			<wp:meta_key>_menu_item_type</wp:meta_key>
			<wp:meta_value><![CDATA[post_type]]></wp:meta_value>
		</wp:postmeta>
		<wp:postmeta>
			<wp:meta_key>_menu_item_menu_item_parent</wp:meta_key>
			<wp:meta_value><![CDATA[61]]></wp:meta_value>
		</wp:postmeta>
		<wp:postmeta>
			<wp:meta_key>_menu_item_object_id</wp:meta_key>
			<wp:meta_value><![CDATA[23]]></wp:meta_value>
		</wp:postmeta>
		<wp:postmeta>
			<wp:meta_key>_menu_item_object</wp:meta_key>
			<wp:meta_value><![CDATA[tribe_events]]></wp:meta_value>
		</wp:postmeta>
		<wp:postmeta>
			<wp:meta_key>_menu_item_target</wp:meta_key>
			<wp:meta_value><![CDATA[]]></wp:meta_value>
		</wp:postmeta>
		<wp:postmeta>
			<wp:meta_key>_menu_item_classes</wp:meta_key>
			<wp:meta_value><![CDATA[a:1:{i:0;s:0:"";}]]></wp:meta_value>
		</wp:postmeta>
		<wp:postmeta>
			<wp:meta_key>_menu_item_xfn</wp:meta_key>
			<wp:meta_value><![CDATA[]]></wp:meta_value>
		</wp:postmeta>
		<wp:postmeta>
			<wp:meta_key>_menu_item_url</wp:meta_key>
			<wp:meta_value><![CDATA[]]></wp:meta_value>
		</wp:postmeta>
		<wp:postmeta>
			<wp:meta_key>_wpas_done_all</wp:meta_key>
			<wp:meta_value><![CDATA[1]]></wp:meta_value>
		</wp:postmeta>
	</item>
	<item>
				<title>Home</title>
		<link>http://kreatywa.diasporachangemakers.net/2014/03/09/home/</link>
		<pubDate>Sun, 09 Mar 2014 19:32:38 +0000</pubDate>
		<dc:creator><![CDATA[]]></dc:creator>
		<guid isPermaLink="false">http://kreatywa.diasporachangemakers.net/?p=64</guid>
		<description></description>
		<content:encoded><![CDATA[]]></content:encoded>
		<excerpt:encoded><![CDATA[]]></excerpt:encoded>
		<wp:post_id>64</wp:post_id>
		<wp:post_date>2014-03-09 19:32:38</wp:post_date>
		<wp:post_date_gmt>2014-03-09 19:32:38</wp:post_date_gmt>
		<wp:comment_status>open</wp:comment_status>
		<wp:ping_status>open</wp:ping_status>
		<wp:post_name>home</wp:post_name>
		<wp:status>publish</wp:status>
		<wp:post_parent>0</wp:post_parent>
		<wp:menu_order>1</wp:menu_order>
		<wp:post_type>nav_menu_item</wp:post_type>
		<wp:post_password></wp:post_password>
		<wp:is_sticky>0</wp:is_sticky>
		<category domain="nav_menu" nicename="qwerty"><![CDATA[qwerty]]></category>
		<wp:postmeta>
			<wp:meta_key>_menu_item_type</wp:meta_key>
			<wp:meta_value><![CDATA[custom]]></wp:meta_value>
		</wp:postmeta>
		<wp:postmeta>
			<wp:meta_key>_menu_item_menu_item_parent</wp:meta_key>
			<wp:meta_value><![CDATA[0]]></wp:meta_value>
		</wp:postmeta>
		<wp:postmeta>
			<wp:meta_key>_menu_item_object_id</wp:meta_key>
			<wp:meta_value><![CDATA[64]]></wp:meta_value>
		</wp:postmeta>
		<wp:postmeta>
			<wp:meta_key>_menu_item_object</wp:meta_key>
			<wp:meta_value><![CDATA[custom]]></wp:meta_value>
		</wp:postmeta>
		<wp:postmeta>
			<wp:meta_key>_menu_item_target</wp:meta_key>
			<wp:meta_value><![CDATA[]]></wp:meta_value>
		</wp:postmeta>
		<wp:postmeta>
			<wp:meta_key>_menu_item_classes</wp:meta_key>
			<wp:meta_value><![CDATA[a:1:{i:0;s:0:"";}]]></wp:meta_value>
		</wp:postmeta>
		<wp:postmeta>
			<wp:meta_key>_menu_item_xfn</wp:meta_key>
			<wp:meta_value><![CDATA[]]></wp:meta_value>
		</wp:postmeta>
		<wp:postmeta>
			<wp:meta_key>_menu_item_url</wp:meta_key>
			<wp:meta_value><![CDATA[http://kreatywa.diasporachangemakers.net/]]></wp:meta_value>
		</wp:postmeta>
		<wp:postmeta>
			<wp:meta_key>_wpas_done_all</wp:meta_key>
			<wp:meta_value><![CDATA[1]]></wp:meta_value>
		</wp:postmeta>
	</item>
	<item>
				<title></title>
		<link>http://kreatywa.diasporachangemakers.net/2014/03/09/65/</link>
		<pubDate>Sun, 09 Mar 2014 19:32:38 +0000</pubDate>
		<dc:creator><![CDATA[]]></dc:creator>
		<guid isPermaLink="false">http://kreatywa.diasporachangemakers.net/?p=65</guid>
		<description></description>
		<content:encoded><![CDATA[ ]]></content:encoded>
		<excerpt:encoded><![CDATA[]]></excerpt:encoded>
		<wp:post_id>65</wp:post_id>
		<wp:post_date>2014-03-09 19:32:38</wp:post_date>
		<wp:post_date_gmt>2014-03-09 19:32:38</wp:post_date_gmt>
		<wp:comment_status>open</wp:comment_status>
		<wp:ping_status>open</wp:ping_status>
		<wp:post_name>65</wp:post_name>
		<wp:status>publish</wp:status>
		<wp:post_parent>0</wp:post_parent>
		<wp:menu_order>6</wp:menu_order>
		<wp:post_type>nav_menu_item</wp:post_type>
		<wp:post_password></wp:post_password>
		<wp:is_sticky>0</wp:is_sticky>
		<category domain="nav_menu" nicename="qwerty"><![CDATA[qwerty]]></category>
		<wp:postmeta>
			<wp:meta_key>_menu_item_type</wp:meta_key>
			<wp:meta_value><![CDATA[post_type]]></wp:meta_value>
		</wp:postmeta>
		<wp:postmeta>
			<wp:meta_key>_menu_item_menu_item_parent</wp:meta_key>
			<wp:meta_value><![CDATA[0]]></wp:meta_value>
		</wp:postmeta>
		<wp:postmeta>
			<wp:meta_key>_menu_item_object_id</wp:meta_key>
			<wp:meta_value><![CDATA[32]]></wp:meta_value>
		</wp:postmeta>
		<wp:postmeta>
			<wp:meta_key>_menu_item_object</wp:meta_key>
			<wp:meta_value><![CDATA[cp-projects]]></wp:meta_value>
		</wp:postmeta>
		<wp:postmeta>
			<wp:meta_key>_menu_item_target</wp:meta_key>
			<wp:meta_value><![CDATA[]]></wp:meta_value>
		</wp:postmeta>
		<wp:postmeta>
			<wp:meta_key>_menu_item_classes</wp:meta_key>
			<wp:meta_value><![CDATA[a:1:{i:0;s:0:"";}]]></wp:meta_value>
		</wp:postmeta>
		<wp:postmeta>
			<wp:meta_key>_menu_item_xfn</wp:meta_key>
			<wp:meta_value><![CDATA[]]></wp:meta_value>
		</wp:postmeta>
		<wp:postmeta>
			<wp:meta_key>_menu_item_url</wp:meta_key>
			<wp:meta_value><![CDATA[]]></wp:meta_value>
		</wp:postmeta>
		<wp:postmeta>
			<wp:meta_key>_wpas_done_all</wp:meta_key>
			<wp:meta_value><![CDATA[1]]></wp:meta_value>
		</wp:postmeta>
	</item>
	<item>
				<title></title>
		<link>http://kreatywa.diasporachangemakers.net/2014/03/09/66/</link>
		<pubDate>Sun, 09 Mar 2014 19:32:38 +0000</pubDate>
		<dc:creator><![CDATA[]]></dc:creator>
		<guid isPermaLink="false">http://kreatywa.diasporachangemakers.net/?p=66</guid>
		<description></description>
		<content:encoded><![CDATA[ ]]></content:encoded>
		<excerpt:encoded><![CDATA[]]></excerpt:encoded>
		<wp:post_id>66</wp:post_id>
		<wp:post_date>2014-03-09 19:32:38</wp:post_date>
		<wp:post_date_gmt>2014-03-09 19:32:38</wp:post_date_gmt>
		<wp:comment_status>open</wp:comment_status>
		<wp:ping_status>open</wp:ping_status>
		<wp:post_name>66</wp:post_name>
		<wp:status>publish</wp:status>
		<wp:post_parent>0</wp:post_parent>
		<wp:menu_order>7</wp:menu_order>
		<wp:post_type>nav_menu_item</wp:post_type>
		<wp:post_password></wp:post_password>
		<wp:is_sticky>0</wp:is_sticky>
		<category domain="nav_menu" nicename="qwerty"><![CDATA[qwerty]]></category>
		<wp:postmeta>
			<wp:meta_key>_menu_item_type</wp:meta_key>
			<wp:meta_value><![CDATA[post_type]]></wp:meta_value>
		</wp:postmeta>
		<wp:postmeta>
			<wp:meta_key>_menu_item_menu_item_parent</wp:meta_key>
			<wp:meta_value><![CDATA[0]]></wp:meta_value>
		</wp:postmeta>
		<wp:postmeta>
			<wp:meta_key>_menu_item_object_id</wp:meta_key>
			<wp:meta_value><![CDATA[36]]></wp:meta_value>
		</wp:postmeta>
		<wp:postmeta>
			<wp:meta_key>_menu_item_object</wp:meta_key>
			<wp:meta_value><![CDATA[cp-projects]]></wp:meta_value>
		</wp:postmeta>
		<wp:postmeta>
			<wp:meta_key>_menu_item_target</wp:meta_key>
			<wp:meta_value><![CDATA[]]></wp:meta_value>
		</wp:postmeta>
		<wp:postmeta>
			<wp:meta_key>_menu_item_classes</wp:meta_key>
			<wp:meta_value><![CDATA[a:1:{i:0;s:0:"";}]]></wp:meta_value>
		</wp:postmeta>
		<wp:postmeta>
			<wp:meta_key>_menu_item_xfn</wp:meta_key>
			<wp:meta_value><![CDATA[]]></wp:meta_value>
		</wp:postmeta>
		<wp:postmeta>
			<wp:meta_key>_menu_item_url</wp:meta_key>
			<wp:meta_value><![CDATA[]]></wp:meta_value>
		</wp:postmeta>
		<wp:postmeta>
			<wp:meta_key>_wpas_done_all</wp:meta_key>
			<wp:meta_value><![CDATA[1]]></wp:meta_value>
		</wp:postmeta>
	</item>
	<item>
				<title>Hello world!</title>
		<link>http://kreatywa.diasporachangemakers.net/2014/03/05/hello-world/</link>
		<pubDate>Wed, 05 Mar 2014 15:50:04 +0000</pubDate>
		<dc:creator><![CDATA[]]></dc:creator>
		<guid isPermaLink="false">http://kreatywa.diasporachangemakers.net/?p=1</guid>
		<description></description>
		<content:encoded><![CDATA[Welcome to <a href="http://diasporachangemakers.net/">diasporachangemakers.net</a>. This is your first post. Edit or delete it, then start blogging!]]></content:encoded>
		<excerpt:encoded><![CDATA[]]></excerpt:encoded>
		<wp:post_id>1</wp:post_id>
		<wp:post_date>2014-03-05 15:50:04</wp:post_date>
		<wp:post_date_gmt>2014-03-05 15:50:04</wp:post_date_gmt>
		<wp:comment_status>open</wp:comment_status>
		<wp:ping_status>open</wp:ping_status>
		<wp:post_name>hello-world</wp:post_name>
		<wp:status>publish</wp:status>
		<wp:post_parent>0</wp:post_parent>
		<wp:menu_order>0</wp:menu_order>
		<wp:post_type>post</wp:post_type>
		<wp:post_password></wp:post_password>
		<wp:is_sticky>0</wp:is_sticky>
		<category domain="category" nicename="uncategorized"><![CDATA[Uncategorized]]></category>
		<wp:comment>
			<wp:comment_id>1</wp:comment_id>
			<wp:comment_author><![CDATA[]]></wp:comment_author>
			<wp:comment_author_email></wp:comment_author_email>
			<wp:comment_author_url></wp:comment_author_url>
			<wp:comment_author_IP></wp:comment_author_IP>
			<wp:comment_date>2014-03-05 15:50:04</wp:comment_date>
			<wp:comment_date_gmt>2014-03-05 15:50:04</wp:comment_date_gmt>
			<wp:comment_content><![CDATA[]]></wp:comment_content>
			<wp:comment_approved>1</wp:comment_approved>
			<wp:comment_type></wp:comment_type>
			<wp:comment_parent>0</wp:comment_parent>
			<wp:comment_user_id>0</wp:comment_user_id>
		</wp:comment>
	</item>
	<item>
				<title></title>
		<link>http://kreatywa.diasporachangemakers.net/2014/03/07/26/</link>
		<pubDate>Fri, 07 Mar 2014 18:33:02 +0000</pubDate>
		<dc:creator><![CDATA[]]></dc:creator>
		<guid isPermaLink="false">http://kreatywa.diasporachangemakers.net/?p=26</guid>
		<description></description>
		<content:encoded><![CDATA[<div class='visually_embed'><iframe width='1' height='1' style='width: 1px !important; height: 1px !important; position: absolute;left: -100px !important;' src='http://visual.ly/track.php?q=http://visual.ly/deep-design&slug=deep-design'></iframe><a href="http://visual.ly/deep-design/?utm_source=visually_embed"><img class='visually_embed_infographic' src='http://thumbnails.visually.netdna-cdn.com/deep-design_530c63a8bec9e_w540.jpg' alt='Deep Design' /></a><div class='visually_embed_cycle'>Explore more <a href='http://visual.ly'>infographics</a> like this one on the web's largest information design community - <a href='http://visual.ly'>Visually</a>.</div></div>]]></content:encoded>
		<excerpt:encoded><![CDATA[]]></excerpt:encoded>
		<wp:post_id>26</wp:post_id>
		<wp:post_date>2014-03-07 18:33:02</wp:post_date>
		<wp:post_date_gmt>2014-03-07 18:33:02</wp:post_date_gmt>
		<wp:comment_status>open</wp:comment_status>
		<wp:ping_status>open</wp:ping_status>
		<wp:post_name>26</wp:post_name>
		<wp:status>publish</wp:status>
		<wp:post_parent>0</wp:post_parent>
		<wp:menu_order>0</wp:menu_order>
		<wp:post_type>post</wp:post_type>
		<wp:post_password></wp:post_password>
		<wp:is_sticky>0</wp:is_sticky>
		<category domain="category" nicename="uncategorized"><![CDATA[Uncategorized]]></category>
		<wp:postmeta>
			<wp:meta_key>_edit_last</wp:meta_key>
			<wp:meta_value><![CDATA[1]]></wp:meta_value>
		</wp:postmeta>
		<wp:postmeta>
			<wp:meta_key>_wpas_done_all</wp:meta_key>
			<wp:meta_value><![CDATA[1]]></wp:meta_value>
		</wp:postmeta>
		<wp:postmeta>
			<wp:meta_key>ninja_forms_form</wp:meta_key>
			<wp:meta_value><![CDATA[0]]></wp:meta_value>
		</wp:postmeta>
	</item>
	<item>
				<title>Alles neu</title>
		<link>http://kreatywa.diasporachangemakers.net/2014/03/10/alles-neu/</link>
		<pubDate>Mon, 10 Mar 2014 13:50:18 +0000</pubDate>
		<dc:creator><![CDATA[eccehomo]]></dc:creator>
		<guid isPermaLink="false">http://kreatywa.diasporachangemakers.net/?p=69</guid>
		<description></description>
		<content:encoded><![CDATA[<iframe src="//www.youtube.com/embed/qdtLCfEcPL4" width="640" height="480" frameborder="0" allowfullscreen="allowfullscreen"></iframe>]]></content:encoded>
		<excerpt:encoded><![CDATA[]]></excerpt:encoded>
		<wp:post_id>69</wp:post_id>
		<wp:post_date>2014-03-10 13:50:18</wp:post_date>
		<wp:post_date_gmt>2014-03-10 13:50:18</wp:post_date_gmt>
		<wp:comment_status>open</wp:comment_status>
		<wp:ping_status>open</wp:ping_status>
		<wp:post_name>alles-neu</wp:post_name>
		<wp:status>private</wp:status>
		<wp:post_parent>0</wp:post_parent>
		<wp:menu_order>0</wp:menu_order>
		<wp:post_type>post</wp:post_type>
		<wp:post_password></wp:post_password>
		<wp:is_sticky>0</wp:is_sticky>
		<category domain="category" nicename="uncategorized"><![CDATA[Uncategorized]]></category>
		<wp:postmeta>
			<wp:meta_key>_edit_last</wp:meta_key>
			<wp:meta_value><![CDATA[1]]></wp:meta_value>
		</wp:postmeta>
		<wp:postmeta>
			<wp:meta_key>_wpas_done_all</wp:meta_key>
			<wp:meta_value><![CDATA[1]]></wp:meta_value>
		</wp:postmeta>
		<wp:postmeta>
			<wp:meta_key>bwps_enable_ssl</wp:meta_key>
			<wp:meta_value><![CDATA[]]></wp:meta_value>
		</wp:postmeta>
		<wp:postmeta>
			<wp:meta_key>ninja_forms_form</wp:meta_key>
			<wp:meta_value><![CDATA[0]]></wp:meta_value>
		</wp:postmeta>
	</item>
</channel>
</rss>
