<br />
<b>Warning</b>:  include_once(includes/custompost.php) [<a href='function.include-once'>function.include-once</a>]: failed to open stream: No such file or directory in <b>/home/diaspo10/public_html/wp-content/themes/spun/functions.php</b> on line <b>326</b><br />
<br />
<b>Warning</b>:  include_once() [<a href='function.include'>function.include</a>]: Failed opening 'includes/custompost.php' for inclusion (include_path='.:/usr/lib/php:/usr/local/lib/php') in <b>/home/diaspo10/public_html/wp-content/themes/spun/functions.php</b> on line <b>326</b><br />
<?xml version="1.0" encoding="UTF-8" ?>
<!-- This is a WordPress eXtended RSS file generated by WordPress as an export of your site. -->
<!-- It contains information about your site's posts, pages, comments, categories, and other content. -->
<!-- You may use this file to transfer that content from one site to another. -->
<!-- This file is not intended to serve as a complete backup of your site. -->

<!-- To import this information into a WordPress site follow these steps: -->
<!-- 1. Log in to that site as an administrator. -->
<!-- 2. Go to Tools: Import in the WordPress admin panel. -->
<!-- 3. Install the "WordPress" importer from the list. -->
<!-- 4. Activate & Run Importer. -->
<!-- 5. Upload this file using the form provided on that page. -->
<!-- 6. You will first be asked to map the authors in this export file to users -->
<!--    on the site. For each author, you may choose to map to an -->
<!--    existing user on the site or to create a new user. -->
<!-- 7. WordPress will then import each of the posts, pages, comments, categories, etc. -->
<!--    contained in this file into your site. -->

<!-- generator="WordPress/3.9" created="2014-04-27 08:28" -->
<rss version="2.0"
	xmlns:excerpt="http://wordpress.org/export/1.2/excerpt/"
	xmlns:content="http://purl.org/rss/1.0/modules/content/"
	xmlns:wfw="http://wellformedweb.org/CommentAPI/"
	xmlns:dc="http://purl.org/dc/elements/1.1/"
	xmlns:wp="http://wordpress.org/export/1.2/"
>

<channel>
	<title>voist</title>
	<link>http://voist.diasporachangemakers.net</link>
	<description>at diasporachangemakers.net</description>
	<pubDate>Sun, 27 Apr 2014 08:28:51 +0000</pubDate>
	<language>en-US</language>
	<wp:wxr_version>1.2</wp:wxr_version>
	<wp:base_site_url>http://diasporachangemakers.net/</wp:base_site_url>
	<wp:base_blog_url>http://voist.diasporachangemakers.net</wp:base_blog_url>

	<wp:author><wp:author_id>2</wp:author_id><wp:author_login>voist</wp:author_login><wp:author_email>info@diasporachangemakers.net</wp:author_email><wp:author_display_name><![CDATA[voist]]></wp:author_display_name><wp:author_first_name><![CDATA[]]></wp:author_first_name><wp:author_last_name><![CDATA[]]></wp:author_last_name></wp:author>

	<wp:category><wp:term_id>1</wp:term_id><wp:category_nicename>uncategorized</wp:category_nicename><wp:category_parent></wp:category_parent><wp:cat_name><![CDATA[Uncategorized]]></wp:cat_name></wp:category>
	<wp:term><wp:term_id>2</wp:term_id><wp:term_taxonomy>nav_menu</wp:term_taxonomy><wp:term_slug>menu-1</wp:term_slug><wp:term_name><![CDATA[Menu 1]]></wp:term_name></wp:term>

	<generator>http://wordpress.org/?v=3.9</generator>

	<item>
				<title>voistLogo1024x768.png</title>
		<link>http://voist.diasporachangemakers.net/?attachment_id=5</link>
		<pubDate>Mon, 27 Jan 2014 03:16:20 +0000</pubDate>
		<dc:creator><![CDATA[]]></dc:creator>
		<guid isPermaLink="false">http://voist.diasporachangemakers.net/wp-content/uploads/sites/2/2014/01/voistLogo1024x768.png</guid>
		<description></description>
		<content:encoded><![CDATA[http://voist.diasporachangemakers.net/wp-content/uploads/sites/2/2014/01/voistLogo1024x768.png]]></content:encoded>
		<excerpt:encoded><![CDATA[]]></excerpt:encoded>
		<wp:post_id>5</wp:post_id>
		<wp:post_date>2014-01-27 03:16:20</wp:post_date>
		<wp:post_date_gmt>2014-01-27 03:16:20</wp:post_date_gmt>
		<wp:comment_status>open</wp:comment_status>
		<wp:ping_status>open</wp:ping_status>
		<wp:post_name>voistlogo1024x768-png</wp:post_name>
		<wp:status>inherit</wp:status>
		<wp:post_parent>0</wp:post_parent>
		<wp:menu_order>0</wp:menu_order>
		<wp:post_type>attachment</wp:post_type>
		<wp:post_password></wp:post_password>
		<wp:is_sticky>0</wp:is_sticky>
		<wp:attachment_url>http://voist.diasporachangemakers.net/wp-content/uploads/sites/2/2014/01/voistLogo1024x768.png</wp:attachment_url>
		<wp:postmeta>
			<wp:meta_key>_wp_attached_file</wp:meta_key>
			<wp:meta_value><![CDATA[2014/01/voistLogo1024x768.png]]></wp:meta_value>
		</wp:postmeta>
		<wp:postmeta>
			<wp:meta_key>_wp_attachment_context</wp:meta_key>
			<wp:meta_value><![CDATA[custom-background]]></wp:meta_value>
		</wp:postmeta>
		<wp:postmeta>
			<wp:meta_key>_wp_attachment_metadata</wp:meta_key>
			<wp:meta_value><![CDATA[a:5:{s:5:"width";i:2048;s:6:"height";i:1536;s:4:"file";s:29:"2014/01/voistLogo1024x768.png";s:5:"sizes";a:5:{s:9:"thumbnail";a:4:{s:4:"file";s:29:"voistLogo1024x768-150x150.png";s:5:"width";i:150;s:6:"height";i:150;s:9:"mime-type";s:9:"image/png";}s:6:"medium";a:4:{s:4:"file";s:29:"voistLogo1024x768-300x225.png";s:5:"width";i:300;s:6:"height";i:225;s:9:"mime-type";s:9:"image/png";}s:5:"large";a:4:{s:4:"file";s:30:"voistLogo1024x768-1024x768.png";s:5:"width";i:1024;s:6:"height";i:768;s:9:"mime-type";s:9:"image/png";}s:9:"home-post";a:4:{s:4:"file";s:29:"voistLogo1024x768-360x360.png";s:5:"width";i:360;s:6:"height";i:360;s:9:"mime-type";s:9:"image/png";}s:11:"single-post";a:4:{s:4:"file";s:29:"voistLogo1024x768-700x525.png";s:5:"width";i:700;s:6:"height";i:525;s:9:"mime-type";s:9:"image/png";}}s:10:"image_meta";a:10:{s:8:"aperture";i:0;s:6:"credit";s:0:"";s:6:"camera";s:0:"";s:7:"caption";s:0:"";s:17:"created_timestamp";i:0;s:9:"copyright";s:0:"";s:12:"focal_length";i:0;s:3:"iso";i:0;s:13:"shutter_speed";i:0;s:5:"title";s:0:"";}}]]></wp:meta_value>
		</wp:postmeta>
		<wp:postmeta>
			<wp:meta_key>_wp_attachment_is_custom_background</wp:meta_key>
			<wp:meta_value><![CDATA[spun]]></wp:meta_value>
		</wp:postmeta>
	</item>
	<item>
				<title>voistLogo805x768.png</title>
		<link>http://voist.diasporachangemakers.net/?attachment_id=6</link>
		<pubDate>Mon, 27 Jan 2014 03:18:36 +0000</pubDate>
		<dc:creator><![CDATA[]]></dc:creator>
		<guid isPermaLink="false">http://voist.diasporachangemakers.net/wp-content/uploads/sites/2/2014/01/voistLogo805x768.png</guid>
		<description></description>
		<content:encoded><![CDATA[http://voist.diasporachangemakers.net/wp-content/uploads/sites/2/2014/01/voistLogo805x768.png]]></content:encoded>
		<excerpt:encoded><![CDATA[]]></excerpt:encoded>
		<wp:post_id>6</wp:post_id>
		<wp:post_date>2014-01-27 03:18:36</wp:post_date>
		<wp:post_date_gmt>2014-01-27 03:18:36</wp:post_date_gmt>
		<wp:comment_status>open</wp:comment_status>
		<wp:ping_status>open</wp:ping_status>
		<wp:post_name>voistlogo805x768-png</wp:post_name>
		<wp:status>inherit</wp:status>
		<wp:post_parent>0</wp:post_parent>
		<wp:menu_order>0</wp:menu_order>
		<wp:post_type>attachment</wp:post_type>
		<wp:post_password></wp:post_password>
		<wp:is_sticky>0</wp:is_sticky>
		<wp:attachment_url>http://voist.diasporachangemakers.net/wp-content/uploads/sites/2/2014/01/voistLogo805x768.png</wp:attachment_url>
		<wp:postmeta>
			<wp:meta_key>_wp_attached_file</wp:meta_key>
			<wp:meta_value><![CDATA[2014/01/voistLogo805x768.png]]></wp:meta_value>
		</wp:postmeta>
		<wp:postmeta>
			<wp:meta_key>_wp_attachment_context</wp:meta_key>
			<wp:meta_value><![CDATA[custom-background]]></wp:meta_value>
		</wp:postmeta>
		<wp:postmeta>
			<wp:meta_key>_wp_attachment_metadata</wp:meta_key>
			<wp:meta_value><![CDATA[a:5:{s:5:"width";i:1609;s:6:"height";i:1536;s:4:"file";s:28:"2014/01/voistLogo805x768.png";s:5:"sizes";a:5:{s:9:"thumbnail";a:4:{s:4:"file";s:28:"voistLogo805x768-150x150.png";s:5:"width";i:150;s:6:"height";i:150;s:9:"mime-type";s:9:"image/png";}s:6:"medium";a:4:{s:4:"file";s:28:"voistLogo805x768-300x286.png";s:5:"width";i:300;s:6:"height";i:286;s:9:"mime-type";s:9:"image/png";}s:5:"large";a:4:{s:4:"file";s:29:"voistLogo805x768-1024x977.png";s:5:"width";i:1024;s:6:"height";i:977;s:9:"mime-type";s:9:"image/png";}s:9:"home-post";a:4:{s:4:"file";s:28:"voistLogo805x768-360x360.png";s:5:"width";i:360;s:6:"height";i:360;s:9:"mime-type";s:9:"image/png";}s:11:"single-post";a:4:{s:4:"file";s:28:"voistLogo805x768-700x668.png";s:5:"width";i:700;s:6:"height";i:668;s:9:"mime-type";s:9:"image/png";}}s:10:"image_meta";a:10:{s:8:"aperture";i:0;s:6:"credit";s:0:"";s:6:"camera";s:0:"";s:7:"caption";s:0:"";s:17:"created_timestamp";i:0;s:9:"copyright";s:0:"";s:12:"focal_length";i:0;s:3:"iso";i:0;s:13:"shutter_speed";i:0;s:5:"title";s:0:"";}}]]></wp:meta_value>
		</wp:postmeta>
		<wp:postmeta>
			<wp:meta_key>_wp_attachment_is_custom_background</wp:meta_key>
			<wp:meta_value><![CDATA[spun]]></wp:meta_value>
		</wp:postmeta>
	</item>
	<item>
				<title>aboutVoist002</title>
		<link>http://voist.diasporachangemakers.net/what-we-do/aboutvoist002/#main</link>
		<pubDate>Mon, 27 Jan 2014 13:11:14 +0000</pubDate>
		<dc:creator><![CDATA[]]></dc:creator>
		<guid isPermaLink="false">http://voist.diasporachangemakers.net/wp-content/uploads/sites/2/2014/01/aboutVoist002.png</guid>
		<description></description>
		<content:encoded><![CDATA[]]></content:encoded>
		<excerpt:encoded><![CDATA[]]></excerpt:encoded>
		<wp:post_id>39</wp:post_id>
		<wp:post_date>2014-01-27 13:11:14</wp:post_date>
		<wp:post_date_gmt>2014-01-27 13:11:14</wp:post_date_gmt>
		<wp:comment_status>open</wp:comment_status>
		<wp:ping_status>open</wp:ping_status>
		<wp:post_name>aboutvoist002</wp:post_name>
		<wp:status>inherit</wp:status>
		<wp:post_parent>38</wp:post_parent>
		<wp:menu_order>0</wp:menu_order>
		<wp:post_type>attachment</wp:post_type>
		<wp:post_password></wp:post_password>
		<wp:is_sticky>0</wp:is_sticky>
		<wp:attachment_url>http://voist.diasporachangemakers.net/wp-content/uploads/sites/2/2014/01/aboutVoist002.png</wp:attachment_url>
		<wp:postmeta>
			<wp:meta_key>_wp_attached_file</wp:meta_key>
			<wp:meta_value><![CDATA[2014/01/aboutVoist002.png]]></wp:meta_value>
		</wp:postmeta>
		<wp:postmeta>
			<wp:meta_key>_wp_attachment_metadata</wp:meta_key>
			<wp:meta_value><![CDATA[a:5:{s:5:"width";i:640;s:6:"height";i:588;s:4:"file";s:25:"2014/01/aboutVoist002.png";s:5:"sizes";a:3:{s:9:"thumbnail";a:4:{s:4:"file";s:25:"aboutVoist002-150x150.png";s:5:"width";i:150;s:6:"height";i:150;s:9:"mime-type";s:9:"image/png";}s:6:"medium";a:4:{s:4:"file";s:25:"aboutVoist002-300x275.png";s:5:"width";i:300;s:6:"height";i:275;s:9:"mime-type";s:9:"image/png";}s:9:"home-post";a:4:{s:4:"file";s:25:"aboutVoist002-360x360.png";s:5:"width";i:360;s:6:"height";i:360;s:9:"mime-type";s:9:"image/png";}}s:10:"image_meta";a:10:{s:8:"aperture";i:0;s:6:"credit";s:0:"";s:6:"camera";s:0:"";s:7:"caption";s:0:"";s:17:"created_timestamp";i:0;s:9:"copyright";s:0:"";s:12:"focal_length";i:0;s:3:"iso";i:0;s:13:"shutter_speed";i:0;s:5:"title";s:0:"";}}]]></wp:meta_value>
		</wp:postmeta>
	</item>
	<item>
				<title>home</title>
		<link>http://voist.diasporachangemakers.net/2014/01/27/home/</link>
		<pubDate>Mon, 27 Jan 2014 13:12:28 +0000</pubDate>
		<dc:creator><![CDATA[]]></dc:creator>
		<guid isPermaLink="false">http://voist.diasporachangemakers.net/?p=41</guid>
		<description></description>
		<content:encoded><![CDATA[]]></content:encoded>
		<excerpt:encoded><![CDATA[]]></excerpt:encoded>
		<wp:post_id>41</wp:post_id>
		<wp:post_date>2014-01-27 13:12:28</wp:post_date>
		<wp:post_date_gmt>2014-01-27 13:12:28</wp:post_date_gmt>
		<wp:comment_status>open</wp:comment_status>
		<wp:ping_status>open</wp:ping_status>
		<wp:post_name>home</wp:post_name>
		<wp:status>publish</wp:status>
		<wp:post_parent>0</wp:post_parent>
		<wp:menu_order>1</wp:menu_order>
		<wp:post_type>nav_menu_item</wp:post_type>
		<wp:post_password></wp:post_password>
		<wp:is_sticky>0</wp:is_sticky>
		<category domain="nav_menu" nicename="menu-1"><![CDATA[Menu 1]]></category>
		<wp:postmeta>
			<wp:meta_key>_menu_item_type</wp:meta_key>
			<wp:meta_value><![CDATA[custom]]></wp:meta_value>
		</wp:postmeta>
		<wp:postmeta>
			<wp:meta_key>_menu_item_menu_item_parent</wp:meta_key>
			<wp:meta_value><![CDATA[0]]></wp:meta_value>
		</wp:postmeta>
		<wp:postmeta>
			<wp:meta_key>_menu_item_object_id</wp:meta_key>
			<wp:meta_value><![CDATA[41]]></wp:meta_value>
		</wp:postmeta>
		<wp:postmeta>
			<wp:meta_key>_menu_item_object</wp:meta_key>
			<wp:meta_value><![CDATA[custom]]></wp:meta_value>
		</wp:postmeta>
		<wp:postmeta>
			<wp:meta_key>_menu_item_target</wp:meta_key>
			<wp:meta_value><![CDATA[]]></wp:meta_value>
		</wp:postmeta>
		<wp:postmeta>
			<wp:meta_key>_menu_item_classes</wp:meta_key>
			<wp:meta_value><![CDATA[a:1:{i:0;s:0:"";}]]></wp:meta_value>
		</wp:postmeta>
		<wp:postmeta>
			<wp:meta_key>_menu_item_xfn</wp:meta_key>
			<wp:meta_value><![CDATA[]]></wp:meta_value>
		</wp:postmeta>
		<wp:postmeta>
			<wp:meta_key>_menu_item_url</wp:meta_key>
			<wp:meta_value><![CDATA[http://voist.diasporachangemakers.net/]]></wp:meta_value>
		</wp:postmeta>
		<wp:postmeta>
			<wp:meta_key>_wpas_done_all</wp:meta_key>
			<wp:meta_value><![CDATA[1]]></wp:meta_value>
		</wp:postmeta>
	</item>
	<item>
				<title></title>
		<link>http://voist.diasporachangemakers.net/2014/01/27/43/</link>
		<pubDate>Mon, 27 Jan 2014 13:12:28 +0000</pubDate>
		<dc:creator><![CDATA[]]></dc:creator>
		<guid isPermaLink="false">http://voist.diasporachangemakers.net/?p=43</guid>
		<description></description>
		<content:encoded><![CDATA[ ]]></content:encoded>
		<excerpt:encoded><![CDATA[]]></excerpt:encoded>
		<wp:post_id>43</wp:post_id>
		<wp:post_date>2014-01-27 13:12:28</wp:post_date>
		<wp:post_date_gmt>2014-01-27 13:12:28</wp:post_date_gmt>
		<wp:comment_status>open</wp:comment_status>
		<wp:ping_status>open</wp:ping_status>
		<wp:post_name>43</wp:post_name>
		<wp:status>publish</wp:status>
		<wp:post_parent>0</wp:post_parent>
		<wp:menu_order>2</wp:menu_order>
		<wp:post_type>nav_menu_item</wp:post_type>
		<wp:post_password></wp:post_password>
		<wp:is_sticky>0</wp:is_sticky>
		<category domain="nav_menu" nicename="menu-1"><![CDATA[Menu 1]]></category>
		<wp:postmeta>
			<wp:meta_key>_menu_item_type</wp:meta_key>
			<wp:meta_value><![CDATA[post_type]]></wp:meta_value>
		</wp:postmeta>
		<wp:postmeta>
			<wp:meta_key>_menu_item_menu_item_parent</wp:meta_key>
			<wp:meta_value><![CDATA[0]]></wp:meta_value>
		</wp:postmeta>
		<wp:postmeta>
			<wp:meta_key>_menu_item_object_id</wp:meta_key>
			<wp:meta_value><![CDATA[38]]></wp:meta_value>
		</wp:postmeta>
		<wp:postmeta>
			<wp:meta_key>_menu_item_object</wp:meta_key>
			<wp:meta_value><![CDATA[page]]></wp:meta_value>
		</wp:postmeta>
		<wp:postmeta>
			<wp:meta_key>_menu_item_target</wp:meta_key>
			<wp:meta_value><![CDATA[]]></wp:meta_value>
		</wp:postmeta>
		<wp:postmeta>
			<wp:meta_key>_menu_item_classes</wp:meta_key>
			<wp:meta_value><![CDATA[a:1:{i:0;s:0:"";}]]></wp:meta_value>
		</wp:postmeta>
		<wp:postmeta>
			<wp:meta_key>_menu_item_xfn</wp:meta_key>
			<wp:meta_value><![CDATA[]]></wp:meta_value>
		</wp:postmeta>
		<wp:postmeta>
			<wp:meta_key>_menu_item_url</wp:meta_key>
			<wp:meta_value><![CDATA[]]></wp:meta_value>
		</wp:postmeta>
		<wp:postmeta>
			<wp:meta_key>_wpas_done_all</wp:meta_key>
			<wp:meta_value><![CDATA[1]]></wp:meta_value>
		</wp:postmeta>
	</item>
	<item>
				<title>voistLogo600x450</title>
		<link>http://voist.diasporachangemakers.net/?attachment_id=58</link>
		<pubDate>Mon, 27 Jan 2014 20:39:20 +0000</pubDate>
		<dc:creator><![CDATA[]]></dc:creator>
		<guid isPermaLink="false">http://voist.diasporachangemakers.net/wp-content/uploads/sites/2/2014/01/voistLogo600x450.svg</guid>
		<description></description>
		<content:encoded><![CDATA[]]></content:encoded>
		<excerpt:encoded><![CDATA[]]></excerpt:encoded>
		<wp:post_id>58</wp:post_id>
		<wp:post_date>2014-01-27 20:39:20</wp:post_date>
		<wp:post_date_gmt>2014-01-27 20:39:20</wp:post_date_gmt>
		<wp:comment_status>open</wp:comment_status>
		<wp:ping_status>open</wp:ping_status>
		<wp:post_name>voistlogo600x450</wp:post_name>
		<wp:status>inherit</wp:status>
		<wp:post_parent>0</wp:post_parent>
		<wp:menu_order>0</wp:menu_order>
		<wp:post_type>attachment</wp:post_type>
		<wp:post_password></wp:post_password>
		<wp:is_sticky>0</wp:is_sticky>
		<wp:attachment_url>http://voist.diasporachangemakers.net/wp-content/uploads/sites/2/2014/01/voistLogo600x450.svg</wp:attachment_url>
		<wp:postmeta>
			<wp:meta_key>_wp_attached_file</wp:meta_key>
			<wp:meta_value><![CDATA[2014/01/voistLogo600x450.svg]]></wp:meta_value>
		</wp:postmeta>
		<wp:postmeta>
			<wp:meta_key>_wp_attachment_is_custom_background</wp:meta_key>
			<wp:meta_value><![CDATA[spun]]></wp:meta_value>
		</wp:postmeta>
	</item>
	<item>
				<title>voistLogo600x4501.svg</title>
		<link>http://voist.diasporachangemakers.net/?attachment_id=61</link>
		<pubDate>Tue, 28 Jan 2014 03:41:31 +0000</pubDate>
		<dc:creator><![CDATA[]]></dc:creator>
		<guid isPermaLink="false">http://voist.diasporachangemakers.net/wp-content/uploads/sites/2/2014/01/voistLogo600x4501.svg</guid>
		<description></description>
		<content:encoded><![CDATA[http://voist.diasporachangemakers.net/wp-content/uploads/sites/2/2014/01/voistLogo600x4501.svg]]></content:encoded>
		<excerpt:encoded><![CDATA[]]></excerpt:encoded>
		<wp:post_id>61</wp:post_id>
		<wp:post_date>2014-01-28 03:41:31</wp:post_date>
		<wp:post_date_gmt>2014-01-28 03:41:31</wp:post_date_gmt>
		<wp:comment_status>open</wp:comment_status>
		<wp:ping_status>open</wp:ping_status>
		<wp:post_name>voistlogo600x4501-svg</wp:post_name>
		<wp:status>inherit</wp:status>
		<wp:post_parent>0</wp:post_parent>
		<wp:menu_order>0</wp:menu_order>
		<wp:post_type>attachment</wp:post_type>
		<wp:post_password></wp:post_password>
		<wp:is_sticky>0</wp:is_sticky>
		<wp:attachment_url>http://voist.diasporachangemakers.net/wp-content/uploads/sites/2/2014/01/voistLogo600x4501.svg</wp:attachment_url>
		<wp:postmeta>
			<wp:meta_key>_wp_attached_file</wp:meta_key>
			<wp:meta_value><![CDATA[2014/01/voistLogo600x4501.svg]]></wp:meta_value>
		</wp:postmeta>
		<wp:postmeta>
			<wp:meta_key>_wp_attachment_context</wp:meta_key>
			<wp:meta_value><![CDATA[custom-background]]></wp:meta_value>
		</wp:postmeta>
		<wp:postmeta>
			<wp:meta_key>_wp_attachment_is_custom_background</wp:meta_key>
			<wp:meta_value><![CDATA[spun]]></wp:meta_value>
		</wp:postmeta>
	</item>
	<item>
				<title>alex</title>
		<link>http://voist.diasporachangemakers.net/2014/01/27/raf/alex-2/#main</link>
		<pubDate>Thu, 30 Jan 2014 13:47:39 +0000</pubDate>
		<dc:creator><![CDATA[]]></dc:creator>
		<guid isPermaLink="false">http://voist.diasporachangemakers.net/wp-content/uploads/sites/2/2014/01/alex.jpg</guid>
		<description></description>
		<content:encoded><![CDATA[]]></content:encoded>
		<excerpt:encoded><![CDATA[]]></excerpt:encoded>
		<wp:post_id>75</wp:post_id>
		<wp:post_date>2014-01-30 13:47:39</wp:post_date>
		<wp:post_date_gmt>2014-01-30 13:47:39</wp:post_date_gmt>
		<wp:comment_status>open</wp:comment_status>
		<wp:ping_status>open</wp:ping_status>
		<wp:post_name>alex-2</wp:post_name>
		<wp:status>inherit</wp:status>
		<wp:post_parent>34</wp:post_parent>
		<wp:menu_order>0</wp:menu_order>
		<wp:post_type>attachment</wp:post_type>
		<wp:post_password></wp:post_password>
		<wp:is_sticky>0</wp:is_sticky>
		<wp:attachment_url>http://voist.diasporachangemakers.net/wp-content/uploads/sites/2/2014/01/alex.jpg</wp:attachment_url>
		<wp:postmeta>
			<wp:meta_key>_wp_attached_file</wp:meta_key>
			<wp:meta_value><![CDATA[2014/01/alex.jpg]]></wp:meta_value>
		</wp:postmeta>
		<wp:postmeta>
			<wp:meta_key>_wp_attachment_metadata</wp:meta_key>
			<wp:meta_value><![CDATA[a:5:{s:5:"width";i:448;s:6:"height";i:597;s:4:"file";s:16:"2014/01/alex.jpg";s:5:"sizes";a:3:{s:9:"thumbnail";a:4:{s:4:"file";s:16:"alex-150x150.jpg";s:5:"width";i:150;s:6:"height";i:150;s:9:"mime-type";s:10:"image/jpeg";}s:6:"medium";a:4:{s:4:"file";s:16:"alex-225x300.jpg";s:5:"width";i:225;s:6:"height";i:300;s:9:"mime-type";s:10:"image/jpeg";}s:9:"home-post";a:4:{s:4:"file";s:16:"alex-360x360.jpg";s:5:"width";i:360;s:6:"height";i:360;s:9:"mime-type";s:10:"image/jpeg";}}s:10:"image_meta";a:10:{s:8:"aperture";i:0;s:6:"credit";s:0:"";s:6:"camera";s:0:"";s:7:"caption";s:0:"";s:17:"created_timestamp";i:0;s:9:"copyright";s:0:"";s:12:"focal_length";i:0;s:3:"iso";i:0;s:13:"shutter_speed";i:0;s:5:"title";s:0:"";}}]]></wp:meta_value>
		</wp:postmeta>
	</item>
	<item>
				<title>hannah</title>
		<link>http://voist.diasporachangemakers.net/2014/01/27/raf/hannah-2/#main</link>
		<pubDate>Thu, 30 Jan 2014 13:47:40 +0000</pubDate>
		<dc:creator><![CDATA[]]></dc:creator>
		<guid isPermaLink="false">http://voist.diasporachangemakers.net/wp-content/uploads/sites/2/2014/01/hannah.jpg</guid>
		<description></description>
		<content:encoded><![CDATA[]]></content:encoded>
		<excerpt:encoded><![CDATA[]]></excerpt:encoded>
		<wp:post_id>76</wp:post_id>
		<wp:post_date>2014-01-30 13:47:40</wp:post_date>
		<wp:post_date_gmt>2014-01-30 13:47:40</wp:post_date_gmt>
		<wp:comment_status>open</wp:comment_status>
		<wp:ping_status>open</wp:ping_status>
		<wp:post_name>hannah-2</wp:post_name>
		<wp:status>inherit</wp:status>
		<wp:post_parent>34</wp:post_parent>
		<wp:menu_order>0</wp:menu_order>
		<wp:post_type>attachment</wp:post_type>
		<wp:post_password></wp:post_password>
		<wp:is_sticky>0</wp:is_sticky>
		<wp:attachment_url>http://voist.diasporachangemakers.net/wp-content/uploads/sites/2/2014/01/hannah.jpg</wp:attachment_url>
		<wp:postmeta>
			<wp:meta_key>_wp_attached_file</wp:meta_key>
			<wp:meta_value><![CDATA[2014/01/hannah.jpg]]></wp:meta_value>
		</wp:postmeta>
		<wp:postmeta>
			<wp:meta_key>_wp_attachment_metadata</wp:meta_key>
			<wp:meta_value><![CDATA[a:5:{s:5:"width";i:480;s:6:"height";i:640;s:4:"file";s:18:"2014/01/hannah.jpg";s:5:"sizes";a:3:{s:9:"thumbnail";a:4:{s:4:"file";s:18:"hannah-150x150.jpg";s:5:"width";i:150;s:6:"height";i:150;s:9:"mime-type";s:10:"image/jpeg";}s:6:"medium";a:4:{s:4:"file";s:18:"hannah-225x300.jpg";s:5:"width";i:225;s:6:"height";i:300;s:9:"mime-type";s:10:"image/jpeg";}s:9:"home-post";a:4:{s:4:"file";s:18:"hannah-360x360.jpg";s:5:"width";i:360;s:6:"height";i:360;s:9:"mime-type";s:10:"image/jpeg";}}s:10:"image_meta";a:10:{s:8:"aperture";i:0;s:6:"credit";s:0:"";s:6:"camera";s:0:"";s:7:"caption";s:0:"";s:17:"created_timestamp";i:0;s:9:"copyright";s:0:"";s:12:"focal_length";i:0;s:3:"iso";i:0;s:13:"shutter_speed";i:0;s:5:"title";s:0:"";}}]]></wp:meta_value>
		</wp:postmeta>
	</item>
	<item>
				<title>raf</title>
		<link>http://voist.diasporachangemakers.net/2014/01/27/raf/raf-2/#main</link>
		<pubDate>Thu, 30 Jan 2014 13:47:41 +0000</pubDate>
		<dc:creator><![CDATA[]]></dc:creator>
		<guid isPermaLink="false">http://voist.diasporachangemakers.net/wp-content/uploads/sites/2/2014/01/raf.jpg</guid>
		<description></description>
		<content:encoded><![CDATA[]]></content:encoded>
		<excerpt:encoded><![CDATA[]]></excerpt:encoded>
		<wp:post_id>77</wp:post_id>
		<wp:post_date>2014-01-30 13:47:41</wp:post_date>
		<wp:post_date_gmt>2014-01-30 13:47:41</wp:post_date_gmt>
		<wp:comment_status>open</wp:comment_status>
		<wp:ping_status>open</wp:ping_status>
		<wp:post_name>raf-2</wp:post_name>
		<wp:status>inherit</wp:status>
		<wp:post_parent>34</wp:post_parent>
		<wp:menu_order>0</wp:menu_order>
		<wp:post_type>attachment</wp:post_type>
		<wp:post_password></wp:post_password>
		<wp:is_sticky>0</wp:is_sticky>
		<wp:attachment_url>http://voist.diasporachangemakers.net/wp-content/uploads/sites/2/2014/01/raf.jpg</wp:attachment_url>
		<wp:postmeta>
			<wp:meta_key>_wp_attached_file</wp:meta_key>
			<wp:meta_value><![CDATA[2014/01/raf.jpg]]></wp:meta_value>
		</wp:postmeta>
		<wp:postmeta>
			<wp:meta_key>_wp_attachment_metadata</wp:meta_key>
			<wp:meta_value><![CDATA[a:5:{s:5:"width";i:480;s:6:"height";i:640;s:4:"file";s:15:"2014/01/raf.jpg";s:5:"sizes";a:3:{s:9:"thumbnail";a:4:{s:4:"file";s:15:"raf-150x150.jpg";s:5:"width";i:150;s:6:"height";i:150;s:9:"mime-type";s:10:"image/jpeg";}s:6:"medium";a:4:{s:4:"file";s:15:"raf-225x300.jpg";s:5:"width";i:225;s:6:"height";i:300;s:9:"mime-type";s:10:"image/jpeg";}s:9:"home-post";a:4:{s:4:"file";s:15:"raf-360x360.jpg";s:5:"width";i:360;s:6:"height";i:360;s:9:"mime-type";s:10:"image/jpeg";}}s:10:"image_meta";a:10:{s:8:"aperture";i:0;s:6:"credit";s:0:"";s:6:"camera";s:0:"";s:7:"caption";s:0:"";s:17:"created_timestamp";i:0;s:9:"copyright";s:0:"";s:12:"focal_length";i:0;s:3:"iso";i:0;s:13:"shutter_speed";i:0;s:5:"title";s:0:"";}}]]></wp:meta_value>
		</wp:postmeta>
	</item>
	<item>
				<title>tilley</title>
		<link>http://voist.diasporachangemakers.net/2014/01/27/raf/tilley-2/#main</link>
		<pubDate>Thu, 30 Jan 2014 13:47:42 +0000</pubDate>
		<dc:creator><![CDATA[]]></dc:creator>
		<guid isPermaLink="false">http://voist.diasporachangemakers.net/wp-content/uploads/sites/2/2014/01/tilley.jpg</guid>
		<description></description>
		<content:encoded><![CDATA[]]></content:encoded>
		<excerpt:encoded><![CDATA[]]></excerpt:encoded>
		<wp:post_id>78</wp:post_id>
		<wp:post_date>2014-01-30 13:47:42</wp:post_date>
		<wp:post_date_gmt>2014-01-30 13:47:42</wp:post_date_gmt>
		<wp:comment_status>open</wp:comment_status>
		<wp:ping_status>open</wp:ping_status>
		<wp:post_name>tilley-2</wp:post_name>
		<wp:status>inherit</wp:status>
		<wp:post_parent>34</wp:post_parent>
		<wp:menu_order>0</wp:menu_order>
		<wp:post_type>attachment</wp:post_type>
		<wp:post_password></wp:post_password>
		<wp:is_sticky>0</wp:is_sticky>
		<wp:attachment_url>http://voist.diasporachangemakers.net/wp-content/uploads/sites/2/2014/01/tilley.jpg</wp:attachment_url>
		<wp:postmeta>
			<wp:meta_key>_wp_attached_file</wp:meta_key>
			<wp:meta_value><![CDATA[2014/01/tilley.jpg]]></wp:meta_value>
		</wp:postmeta>
		<wp:postmeta>
			<wp:meta_key>_wp_attachment_metadata</wp:meta_key>
			<wp:meta_value><![CDATA[a:5:{s:5:"width";i:484;s:6:"height";i:645;s:4:"file";s:18:"2014/01/tilley.jpg";s:5:"sizes";a:3:{s:9:"thumbnail";a:4:{s:4:"file";s:18:"tilley-150x150.jpg";s:5:"width";i:150;s:6:"height";i:150;s:9:"mime-type";s:10:"image/jpeg";}s:6:"medium";a:4:{s:4:"file";s:18:"tilley-225x300.jpg";s:5:"width";i:225;s:6:"height";i:300;s:9:"mime-type";s:10:"image/jpeg";}s:9:"home-post";a:4:{s:4:"file";s:18:"tilley-360x360.jpg";s:5:"width";i:360;s:6:"height";i:360;s:9:"mime-type";s:10:"image/jpeg";}}s:10:"image_meta";a:10:{s:8:"aperture";i:0;s:6:"credit";s:0:"";s:6:"camera";s:0:"";s:7:"caption";s:0:"";s:17:"created_timestamp";i:0;s:9:"copyright";s:0:"";s:12:"focal_length";i:0;s:3:"iso";i:0;s:13:"shutter_speed";i:0;s:5:"title";s:0:"";}}]]></wp:meta_value>
		</wp:postmeta>
	</item>
	<item>
				<title>BMG-Canvas-400-354.jpg</title>
		<link>http://voist.diasporachangemakers.net/2014/01/25/hello-world/bmg-canvas-400-354-jpg/#main</link>
		<pubDate>Thu, 30 Jan 2014 13:54:29 +0000</pubDate>
		<dc:creator><![CDATA[]]></dc:creator>
		<guid isPermaLink="false">http://voist.diasporachangemakers.net/wp-content/uploads/sites/2/2014/01/BMG-Canvas-400-354.jpg.svg</guid>
		<description></description>
		<content:encoded><![CDATA[]]></content:encoded>
		<excerpt:encoded><![CDATA[]]></excerpt:encoded>
		<wp:post_id>79</wp:post_id>
		<wp:post_date>2014-01-30 13:54:29</wp:post_date>
		<wp:post_date_gmt>2014-01-30 13:54:29</wp:post_date_gmt>
		<wp:comment_status>open</wp:comment_status>
		<wp:ping_status>open</wp:ping_status>
		<wp:post_name>bmg-canvas-400-354-jpg</wp:post_name>
		<wp:status>inherit</wp:status>
		<wp:post_parent>1</wp:post_parent>
		<wp:menu_order>0</wp:menu_order>
		<wp:post_type>attachment</wp:post_type>
		<wp:post_password></wp:post_password>
		<wp:is_sticky>0</wp:is_sticky>
		<wp:attachment_url>http://voist.diasporachangemakers.net/wp-content/uploads/sites/2/2014/01/BMG-Canvas-400-354.jpg.svg</wp:attachment_url>
		<wp:postmeta>
			<wp:meta_key>_wp_attached_file</wp:meta_key>
			<wp:meta_value><![CDATA[2014/01/BMG-Canvas-400-354.jpg.svg]]></wp:meta_value>
		</wp:postmeta>
	</item>
	<item>
				<title>BMG-Canvas-400-354</title>
		<link>http://voist.diasporachangemakers.net/2014/01/25/hello-world/bmg-canvas-400-354/#main</link>
		<pubDate>Thu, 30 Jan 2014 14:00:12 +0000</pubDate>
		<dc:creator><![CDATA[]]></dc:creator>
		<guid isPermaLink="false">http://voist.diasporachangemakers.net/wp-content/uploads/sites/2/2014/01/BMG-Canvas-400-354.jpg</guid>
		<description></description>
		<content:encoded><![CDATA[]]></content:encoded>
		<excerpt:encoded><![CDATA[]]></excerpt:encoded>
		<wp:post_id>84</wp:post_id>
		<wp:post_date>2014-01-30 14:00:12</wp:post_date>
		<wp:post_date_gmt>2014-01-30 14:00:12</wp:post_date_gmt>
		<wp:comment_status>open</wp:comment_status>
		<wp:ping_status>open</wp:ping_status>
		<wp:post_name>bmg-canvas-400-354</wp:post_name>
		<wp:status>inherit</wp:status>
		<wp:post_parent>1</wp:post_parent>
		<wp:menu_order>0</wp:menu_order>
		<wp:post_type>attachment</wp:post_type>
		<wp:post_password></wp:post_password>
		<wp:is_sticky>0</wp:is_sticky>
		<wp:attachment_url>http://voist.diasporachangemakers.net/wp-content/uploads/sites/2/2014/01/BMG-Canvas-400-354.jpg</wp:attachment_url>
		<wp:postmeta>
			<wp:meta_key>_wp_attached_file</wp:meta_key>
			<wp:meta_value><![CDATA[2014/01/BMG-Canvas-400-354.jpg]]></wp:meta_value>
		</wp:postmeta>
		<wp:postmeta>
			<wp:meta_key>_wp_attachment_metadata</wp:meta_key>
			<wp:meta_value><![CDATA[a:5:{s:5:"width";i:579;s:6:"height";i:524;s:4:"file";s:30:"2014/01/BMG-Canvas-400-354.jpg";s:5:"sizes";a:3:{s:9:"thumbnail";a:4:{s:4:"file";s:30:"BMG-Canvas-400-354-150x150.jpg";s:5:"width";i:150;s:6:"height";i:150;s:9:"mime-type";s:10:"image/jpeg";}s:6:"medium";a:4:{s:4:"file";s:30:"BMG-Canvas-400-354-300x271.jpg";s:5:"width";i:300;s:6:"height";i:271;s:9:"mime-type";s:10:"image/jpeg";}s:9:"home-post";a:4:{s:4:"file";s:30:"BMG-Canvas-400-354-360x360.jpg";s:5:"width";i:360;s:6:"height";i:360;s:9:"mime-type";s:10:"image/jpeg";}}s:10:"image_meta";a:10:{s:8:"aperture";i:0;s:6:"credit";s:0:"";s:6:"camera";s:0:"";s:7:"caption";s:0:"";s:17:"created_timestamp";i:0;s:9:"copyright";s:0:"";s:12:"focal_length";i:0;s:3:"iso";i:0;s:13:"shutter_speed";i:0;s:5:"title";s:0:"";}}]]></wp:meta_value>
		</wp:postmeta>
	</item>
	<item>
				<title>voist</title>
		<link>http://voist.diasporachangemakers.net/2014/01/27/51/1506848_702577889773400_532807110_n/#main</link>
		<pubDate>Fri, 31 Jan 2014 13:26:53 +0000</pubDate>
		<dc:creator><![CDATA[]]></dc:creator>
		<guid isPermaLink="false">http://voist.diasporachangemakers.net/wp-content/uploads/sites/2/2014/01/1506848_702577889773400_532807110_n.jpg</guid>
		<description></description>
		<content:encoded><![CDATA[voist]]></content:encoded>
		<excerpt:encoded><![CDATA[]]></excerpt:encoded>
		<wp:post_id>86</wp:post_id>
		<wp:post_date>2014-01-31 13:26:53</wp:post_date>
		<wp:post_date_gmt>2014-01-31 13:26:53</wp:post_date_gmt>
		<wp:comment_status>open</wp:comment_status>
		<wp:ping_status>open</wp:ping_status>
		<wp:post_name>1506848_702577889773400_532807110_n</wp:post_name>
		<wp:status>inherit</wp:status>
		<wp:post_parent>51</wp:post_parent>
		<wp:menu_order>0</wp:menu_order>
		<wp:post_type>attachment</wp:post_type>
		<wp:post_password></wp:post_password>
		<wp:is_sticky>0</wp:is_sticky>
		<wp:attachment_url>http://voist.diasporachangemakers.net/wp-content/uploads/sites/2/2014/01/1506848_702577889773400_532807110_n.jpg</wp:attachment_url>
		<wp:postmeta>
			<wp:meta_key>_wp_attached_file</wp:meta_key>
			<wp:meta_value><![CDATA[2014/01/1506848_702577889773400_532807110_n.jpg]]></wp:meta_value>
		</wp:postmeta>
		<wp:postmeta>
			<wp:meta_key>_wp_attachment_metadata</wp:meta_key>
			<wp:meta_value><![CDATA[a:5:{s:5:"width";i:945;s:6:"height";i:800;s:4:"file";s:47:"2014/01/1506848_702577889773400_532807110_n.jpg";s:5:"sizes";a:4:{s:9:"thumbnail";a:4:{s:4:"file";s:47:"1506848_702577889773400_532807110_n-150x150.jpg";s:5:"width";i:150;s:6:"height";i:150;s:9:"mime-type";s:10:"image/jpeg";}s:6:"medium";a:4:{s:4:"file";s:47:"1506848_702577889773400_532807110_n-300x253.jpg";s:5:"width";i:300;s:6:"height";i:253;s:9:"mime-type";s:10:"image/jpeg";}s:9:"home-post";a:4:{s:4:"file";s:47:"1506848_702577889773400_532807110_n-360x360.jpg";s:5:"width";i:360;s:6:"height";i:360;s:9:"mime-type";s:10:"image/jpeg";}s:11:"single-post";a:4:{s:4:"file";s:47:"1506848_702577889773400_532807110_n-700x592.jpg";s:5:"width";i:700;s:6:"height";i:592;s:9:"mime-type";s:10:"image/jpeg";}}s:10:"image_meta";a:10:{s:8:"aperture";i:0;s:6:"credit";s:0:"";s:6:"camera";s:0:"";s:7:"caption";s:0:"";s:17:"created_timestamp";i:0;s:9:"copyright";s:0:"";s:12:"focal_length";i:0;s:3:"iso";i:0;s:13:"shutter_speed";i:0;s:5:"title";s:0:"";}}]]></wp:meta_value>
		</wp:postmeta>
		<wp:postmeta>
			<wp:meta_key>_wp_attachment_image_alt</wp:meta_key>
			<wp:meta_value><![CDATA[four panels with members of voist]]></wp:meta_value>
		</wp:postmeta>
	</item>
	<item>
				<title>style</title>
		<link>http://voist.diasporachangemakers.net/what-we-do/style/</link>
		<pubDate>Mon, 03 Feb 2014 16:35:42 +0000</pubDate>
		<dc:creator><![CDATA[]]></dc:creator>
		<guid isPermaLink="false">http://voist.diasporachangemakers.net/wp-content/uploads/sites/2/2014/01/style.css</guid>
		<description></description>
		<content:encoded><![CDATA[]]></content:encoded>
		<excerpt:encoded><![CDATA[]]></excerpt:encoded>
		<wp:post_id>101</wp:post_id>
		<wp:post_date>2014-02-03 16:35:42</wp:post_date>
		<wp:post_date_gmt>2014-02-03 16:35:42</wp:post_date_gmt>
		<wp:comment_status>open</wp:comment_status>
		<wp:ping_status>open</wp:ping_status>
		<wp:post_name>style</wp:post_name>
		<wp:status>inherit</wp:status>
		<wp:post_parent>38</wp:post_parent>
		<wp:menu_order>0</wp:menu_order>
		<wp:post_type>attachment</wp:post_type>
		<wp:post_password></wp:post_password>
		<wp:is_sticky>0</wp:is_sticky>
		<wp:attachment_url>http://voist.diasporachangemakers.net/wp-content/uploads/sites/2/2014/01/style.css</wp:attachment_url>
		<wp:postmeta>
			<wp:meta_key>_wp_attached_file</wp:meta_key>
			<wp:meta_value><![CDATA[2014/01/style.css]]></wp:meta_value>
		</wp:postmeta>
	</item>
	<item>
				<title></title>
		<link>http://voist.diasporachangemakers.net/?p=118</link>
		<pubDate>Wed, 30 Nov -0001 00:00:00 +0000</pubDate>
		<dc:creator><![CDATA[]]></dc:creator>
		<guid isPermaLink="false">http://voist.diasporachangemakers.net/?p=118</guid>
		<description></description>
		<content:encoded><![CDATA[ ]]></content:encoded>
		<excerpt:encoded><![CDATA[]]></excerpt:encoded>
		<wp:post_id>118</wp:post_id>
		<wp:post_date>2014-02-11 07:36:05</wp:post_date>
		<wp:post_date_gmt>0000-00-00 00:00:00</wp:post_date_gmt>
		<wp:comment_status>open</wp:comment_status>
		<wp:ping_status>open</wp:ping_status>
		<wp:post_name></wp:post_name>
		<wp:status>draft</wp:status>
		<wp:post_parent>0</wp:post_parent>
		<wp:menu_order>1</wp:menu_order>
		<wp:post_type>nav_menu_item</wp:post_type>
		<wp:post_password></wp:post_password>
		<wp:is_sticky>0</wp:is_sticky>
		<wp:postmeta>
			<wp:meta_key>_menu_item_classes</wp:meta_key>
			<wp:meta_value><![CDATA[a:1:{i:0;s:0:"";}]]></wp:meta_value>
		</wp:postmeta>
		<wp:postmeta>
			<wp:meta_key>_menu_item_object</wp:meta_key>
			<wp:meta_value><![CDATA[page]]></wp:meta_value>
		</wp:postmeta>
		<wp:postmeta>
			<wp:meta_key>_menu_item_target</wp:meta_key>
			<wp:meta_value><![CDATA[]]></wp:meta_value>
		</wp:postmeta>
		<wp:postmeta>
			<wp:meta_key>_menu_item_type</wp:meta_key>
			<wp:meta_value><![CDATA[post_type]]></wp:meta_value>
		</wp:postmeta>
		<wp:postmeta>
			<wp:meta_key>_menu_item_menu_item_parent</wp:meta_key>
			<wp:meta_value><![CDATA[0]]></wp:meta_value>
		</wp:postmeta>
		<wp:postmeta>
			<wp:meta_key>_menu_item_object_id</wp:meta_key>
			<wp:meta_value><![CDATA[2]]></wp:meta_value>
		</wp:postmeta>
		<wp:postmeta>
			<wp:meta_key>_menu_item_url</wp:meta_key>
			<wp:meta_value><![CDATA[]]></wp:meta_value>
		</wp:postmeta>
		<wp:postmeta>
			<wp:meta_key>_menu_item_orphaned</wp:meta_key>
			<wp:meta_value><![CDATA[1392104165]]></wp:meta_value>
		</wp:postmeta>
		<wp:postmeta>
			<wp:meta_key>_menu_item_xfn</wp:meta_key>
			<wp:meta_value><![CDATA[]]></wp:meta_value>
		</wp:postmeta>
	</item>
	<item>
				<title></title>
		<link>http://voist.diasporachangemakers.net/2014/02/11/119/</link>
		<pubDate>Tue, 11 Feb 2014 07:37:22 +0000</pubDate>
		<dc:creator><![CDATA[]]></dc:creator>
		<guid isPermaLink="false">http://voist.diasporachangemakers.net/?p=119</guid>
		<description></description>
		<content:encoded><![CDATA[ ]]></content:encoded>
		<excerpt:encoded><![CDATA[]]></excerpt:encoded>
		<wp:post_id>119</wp:post_id>
		<wp:post_date>2014-02-11 07:37:22</wp:post_date>
		<wp:post_date_gmt>2014-02-11 07:37:22</wp:post_date_gmt>
		<wp:comment_status>open</wp:comment_status>
		<wp:ping_status>open</wp:ping_status>
		<wp:post_name>119</wp:post_name>
		<wp:status>publish</wp:status>
		<wp:post_parent>0</wp:post_parent>
		<wp:menu_order>3</wp:menu_order>
		<wp:post_type>nav_menu_item</wp:post_type>
		<wp:post_password></wp:post_password>
		<wp:is_sticky>0</wp:is_sticky>
		<category domain="nav_menu" nicename="menu-1"><![CDATA[Menu 1]]></category>
		<wp:postmeta>
			<wp:meta_key>_menu_item_type</wp:meta_key>
			<wp:meta_value><![CDATA[post_type]]></wp:meta_value>
		</wp:postmeta>
		<wp:postmeta>
			<wp:meta_key>_menu_item_menu_item_parent</wp:meta_key>
			<wp:meta_value><![CDATA[0]]></wp:meta_value>
		</wp:postmeta>
		<wp:postmeta>
			<wp:meta_key>_menu_item_object_id</wp:meta_key>
			<wp:meta_value><![CDATA[2]]></wp:meta_value>
		</wp:postmeta>
		<wp:postmeta>
			<wp:meta_key>_menu_item_object</wp:meta_key>
			<wp:meta_value><![CDATA[page]]></wp:meta_value>
		</wp:postmeta>
		<wp:postmeta>
			<wp:meta_key>_menu_item_target</wp:meta_key>
			<wp:meta_value><![CDATA[]]></wp:meta_value>
		</wp:postmeta>
		<wp:postmeta>
			<wp:meta_key>_menu_item_classes</wp:meta_key>
			<wp:meta_value><![CDATA[a:1:{i:0;s:0:"";}]]></wp:meta_value>
		</wp:postmeta>
		<wp:postmeta>
			<wp:meta_key>_menu_item_xfn</wp:meta_key>
			<wp:meta_value><![CDATA[]]></wp:meta_value>
		</wp:postmeta>
		<wp:postmeta>
			<wp:meta_key>_menu_item_url</wp:meta_key>
			<wp:meta_value><![CDATA[]]></wp:meta_value>
		</wp:postmeta>
		<wp:postmeta>
			<wp:meta_key>_wpas_done_all</wp:meta_key>
			<wp:meta_value><![CDATA[1]]></wp:meta_value>
		</wp:postmeta>
	</item>
	<item>
				<title></title>
		<link>http://voist.diasporachangemakers.net/2014/02/11/120/</link>
		<pubDate>Tue, 11 Feb 2014 07:37:22 +0000</pubDate>
		<dc:creator><![CDATA[]]></dc:creator>
		<guid isPermaLink="false">http://voist.diasporachangemakers.net/?p=120</guid>
		<description></description>
		<content:encoded><![CDATA[ ]]></content:encoded>
		<excerpt:encoded><![CDATA[]]></excerpt:encoded>
		<wp:post_id>120</wp:post_id>
		<wp:post_date>2014-02-11 07:37:22</wp:post_date>
		<wp:post_date_gmt>2014-02-11 07:37:22</wp:post_date_gmt>
		<wp:comment_status>open</wp:comment_status>
		<wp:ping_status>open</wp:ping_status>
		<wp:post_name>120</wp:post_name>
		<wp:status>publish</wp:status>
		<wp:post_parent>2</wp:post_parent>
		<wp:menu_order>5</wp:menu_order>
		<wp:post_type>nav_menu_item</wp:post_type>
		<wp:post_password></wp:post_password>
		<wp:is_sticky>0</wp:is_sticky>
		<category domain="nav_menu" nicename="menu-1"><![CDATA[Menu 1]]></category>
		<wp:postmeta>
			<wp:meta_key>_menu_item_type</wp:meta_key>
			<wp:meta_value><![CDATA[post_type]]></wp:meta_value>
		</wp:postmeta>
		<wp:postmeta>
			<wp:meta_key>_menu_item_menu_item_parent</wp:meta_key>
			<wp:meta_value><![CDATA[119]]></wp:meta_value>
		</wp:postmeta>
		<wp:postmeta>
			<wp:meta_key>_menu_item_object_id</wp:meta_key>
			<wp:meta_value><![CDATA[94]]></wp:meta_value>
		</wp:postmeta>
		<wp:postmeta>
			<wp:meta_key>_menu_item_object</wp:meta_key>
			<wp:meta_value><![CDATA[page]]></wp:meta_value>
		</wp:postmeta>
		<wp:postmeta>
			<wp:meta_key>_menu_item_target</wp:meta_key>
			<wp:meta_value><![CDATA[]]></wp:meta_value>
		</wp:postmeta>
		<wp:postmeta>
			<wp:meta_key>_menu_item_classes</wp:meta_key>
			<wp:meta_value><![CDATA[a:1:{i:0;s:0:"";}]]></wp:meta_value>
		</wp:postmeta>
		<wp:postmeta>
			<wp:meta_key>_menu_item_xfn</wp:meta_key>
			<wp:meta_value><![CDATA[]]></wp:meta_value>
		</wp:postmeta>
		<wp:postmeta>
			<wp:meta_key>_menu_item_url</wp:meta_key>
			<wp:meta_value><![CDATA[]]></wp:meta_value>
		</wp:postmeta>
		<wp:postmeta>
			<wp:meta_key>_wpas_done_all</wp:meta_key>
			<wp:meta_value><![CDATA[1]]></wp:meta_value>
		</wp:postmeta>
	</item>
	<item>
				<title></title>
		<link>http://voist.diasporachangemakers.net/2014/02/11/121/</link>
		<pubDate>Tue, 11 Feb 2014 07:37:22 +0000</pubDate>
		<dc:creator><![CDATA[]]></dc:creator>
		<guid isPermaLink="false">http://voist.diasporachangemakers.net/?p=121</guid>
		<description></description>
		<content:encoded><![CDATA[ ]]></content:encoded>
		<excerpt:encoded><![CDATA[]]></excerpt:encoded>
		<wp:post_id>121</wp:post_id>
		<wp:post_date>2014-02-11 07:37:22</wp:post_date>
		<wp:post_date_gmt>2014-02-11 07:37:22</wp:post_date_gmt>
		<wp:comment_status>open</wp:comment_status>
		<wp:ping_status>open</wp:ping_status>
		<wp:post_name>121</wp:post_name>
		<wp:status>publish</wp:status>
		<wp:post_parent>2</wp:post_parent>
		<wp:menu_order>6</wp:menu_order>
		<wp:post_type>nav_menu_item</wp:post_type>
		<wp:post_password></wp:post_password>
		<wp:is_sticky>0</wp:is_sticky>
		<category domain="nav_menu" nicename="menu-1"><![CDATA[Menu 1]]></category>
		<wp:postmeta>
			<wp:meta_key>_menu_item_type</wp:meta_key>
			<wp:meta_value><![CDATA[post_type]]></wp:meta_value>
		</wp:postmeta>
		<wp:postmeta>
			<wp:meta_key>_menu_item_menu_item_parent</wp:meta_key>
			<wp:meta_value><![CDATA[119]]></wp:meta_value>
		</wp:postmeta>
		<wp:postmeta>
			<wp:meta_key>_menu_item_object_id</wp:meta_key>
			<wp:meta_value><![CDATA[72]]></wp:meta_value>
		</wp:postmeta>
		<wp:postmeta>
			<wp:meta_key>_menu_item_object</wp:meta_key>
			<wp:meta_value><![CDATA[page]]></wp:meta_value>
		</wp:postmeta>
		<wp:postmeta>
			<wp:meta_key>_menu_item_target</wp:meta_key>
			<wp:meta_value><![CDATA[]]></wp:meta_value>
		</wp:postmeta>
		<wp:postmeta>
			<wp:meta_key>_menu_item_classes</wp:meta_key>
			<wp:meta_value><![CDATA[a:1:{i:0;s:0:"";}]]></wp:meta_value>
		</wp:postmeta>
		<wp:postmeta>
			<wp:meta_key>_menu_item_xfn</wp:meta_key>
			<wp:meta_value><![CDATA[]]></wp:meta_value>
		</wp:postmeta>
		<wp:postmeta>
			<wp:meta_key>_menu_item_url</wp:meta_key>
			<wp:meta_value><![CDATA[]]></wp:meta_value>
		</wp:postmeta>
		<wp:postmeta>
			<wp:meta_key>_wpas_done_all</wp:meta_key>
			<wp:meta_value><![CDATA[1]]></wp:meta_value>
		</wp:postmeta>
	</item>
	<item>
				<title>screenshot</title>
		<link>http://voist.diasporachangemakers.net/2014/02/21/ales-neu/screenshot/#main</link>
		<pubDate>Mon, 10 Mar 2014 13:56:38 +0000</pubDate>
		<dc:creator><![CDATA[]]></dc:creator>
		<guid isPermaLink="false">http://voist.diasporachangemakers.net/wp-content/uploads/sites/2/2014/02/screenshot.png</guid>
		<description></description>
		<content:encoded><![CDATA[]]></content:encoded>
		<excerpt:encoded><![CDATA[]]></excerpt:encoded>
		<wp:post_id>144</wp:post_id>
		<wp:post_date>2014-03-10 13:56:38</wp:post_date>
		<wp:post_date_gmt>2014-03-10 13:56:38</wp:post_date_gmt>
		<wp:comment_status>open</wp:comment_status>
		<wp:ping_status>open</wp:ping_status>
		<wp:post_name>screenshot</wp:post_name>
		<wp:status>inherit</wp:status>
		<wp:post_parent>127</wp:post_parent>
		<wp:menu_order>0</wp:menu_order>
		<wp:post_type>attachment</wp:post_type>
		<wp:post_password></wp:post_password>
		<wp:is_sticky>0</wp:is_sticky>
		<wp:attachment_url>http://voist.diasporachangemakers.net/wp-content/uploads/sites/2/2014/02/screenshot.png</wp:attachment_url>
		<wp:postmeta>
			<wp:meta_key>_wp_attached_file</wp:meta_key>
			<wp:meta_value><![CDATA[2014/02/screenshot.png]]></wp:meta_value>
		</wp:postmeta>
		<wp:postmeta>
			<wp:meta_key>_wp_attachment_metadata</wp:meta_key>
			<wp:meta_value><![CDATA[a:5:{s:5:"width";i:227;s:6:"height";i:199;s:4:"file";s:22:"2014/02/screenshot.png";s:5:"sizes";a:1:{s:9:"thumbnail";a:4:{s:4:"file";s:22:"screenshot-150x150.png";s:5:"width";i:150;s:6:"height";i:150;s:9:"mime-type";s:9:"image/png";}}s:10:"image_meta";a:10:{s:8:"aperture";i:0;s:6:"credit";s:0:"";s:6:"camera";s:0:"";s:7:"caption";s:0:"";s:17:"created_timestamp";i:0;s:9:"copyright";s:0:"";s:12:"focal_length";i:0;s:3:"iso";i:0;s:13:"shutter_speed";i:0;s:5:"title";s:0:"";}}]]></wp:meta_value>
		</wp:postmeta>
	</item>
	<item>
				<title>Hello world!</title>
		<link>http://voist.diasporachangemakers.net/2014/01/25/hello-world/</link>
		<pubDate>Sat, 25 Jan 2014 21:33:21 +0000</pubDate>
		<dc:creator><![CDATA[voist]]></dc:creator>
		<guid isPermaLink="false">http://voist.diasporachangemakers.net/?p=1</guid>
		<description></description>
		<content:encoded><![CDATA[Welcome to <a href="http://diasporachangemakers.net/">diasporachangemakers.net</a>. The site is under development and at the moment we use it for number of interesting experiments.
<p style="text-align: center;"><img class="alignnone size-medium wp-image-79" alt="BMG-Canvas-400-354.jpg" src="http://voist.diasporachangemakers.net/wp-content/uploads/sites/2/2014/01/BMG-Canvas-400-354.jpg.svg" width="1" height="1" /><a href="http://voist.diasporachangemakers.net/wp-content/uploads/sites/2/2014/01/BMG-Canvas-400-354.jpg"><img class="size-medium wp-image-84 aligncenter" alt="BMG-Canvas-400-354" src="http://voist.diasporachangemakers.net/wp-content/uploads/sites/2/2014/01/BMG-Canvas-400-354-300x271.jpg" width="300" height="271" /></a></p>]]></content:encoded>
		<excerpt:encoded><![CDATA[]]></excerpt:encoded>
		<wp:post_id>1</wp:post_id>
		<wp:post_date>2014-01-25 21:33:21</wp:post_date>
		<wp:post_date_gmt>2014-01-25 21:33:21</wp:post_date_gmt>
		<wp:comment_status>open</wp:comment_status>
		<wp:ping_status>open</wp:ping_status>
		<wp:post_name>hello-world</wp:post_name>
		<wp:status>publish</wp:status>
		<wp:post_parent>0</wp:post_parent>
		<wp:menu_order>0</wp:menu_order>
		<wp:post_type>post</wp:post_type>
		<wp:post_password></wp:post_password>
		<wp:is_sticky>0</wp:is_sticky>
		<category domain="category" nicename="uncategorized"><![CDATA[Uncategorized]]></category>
		<wp:postmeta>
			<wp:meta_key>_edit_last</wp:meta_key>
			<wp:meta_value><![CDATA[1]]></wp:meta_value>
		</wp:postmeta>
		<wp:postmeta>
			<wp:meta_key>ninja_forms_form</wp:meta_key>
			<wp:meta_value><![CDATA[0]]></wp:meta_value>
		</wp:postmeta>
		<wp:postmeta>
			<wp:meta_key>_thumbnail_id</wp:meta_key>
			<wp:meta_value><![CDATA[84]]></wp:meta_value>
		</wp:postmeta>
	</item>
	<item>
				<title>core team</title>
		<link>http://voist.diasporachangemakers.net/core-team/</link>
		<pubDate>Sat, 25 Jan 2014 21:33:21 +0000</pubDate>
		<dc:creator><![CDATA[voist]]></dc:creator>
		<guid isPermaLink="false">http://voist.diasporachangemakers.net/?page_id=2</guid>
		<description></description>
		<content:encoded><![CDATA[<p style="text-align: center;"><a title="tilley" href="http://voist.diasporachangemakers.net/tilley-2/"><a href="http://voist.diasporachangemakers.net/wp-content/uploads/sites/2/2014/01/1506848_702577889773400_532807110_n.jpg"><img class="size-full wp-image-86 aligncenter" alt="four panels with members of voist" src="http://voist.diasporachangemakers.net/wp-content/uploads/sites/2/2014/01/1506848_702577889773400_532807110_n.jpg" width="945" height="800" /></a></a></p>
<p style="text-align: center;"><a title="alex" href="http://voist.diasporachangemakers.net/core-team/alex/">alex</a> - <a title="tilley" href="http://voist.diasporachangemakers.net/core-team/tilley/">tilley</a> - <a title="hannah" href="http://voist.diasporachangemakers.net/core-team/hannah/">hannah</a> - <a title="raf" href="http://voist.diasporachangemakers.net/core-team/raf/">raf</a></p>]]></content:encoded>
		<excerpt:encoded><![CDATA[]]></excerpt:encoded>
		<wp:post_id>2</wp:post_id>
		<wp:post_date>2014-01-25 21:33:21</wp:post_date>
		<wp:post_date_gmt>2014-01-25 21:33:21</wp:post_date_gmt>
		<wp:comment_status>open</wp:comment_status>
		<wp:ping_status>open</wp:ping_status>
		<wp:post_name>core-team</wp:post_name>
		<wp:status>publish</wp:status>
		<wp:post_parent>0</wp:post_parent>
		<wp:menu_order>0</wp:menu_order>
		<wp:post_type>page</wp:post_type>
		<wp:post_password></wp:post_password>
		<wp:is_sticky>0</wp:is_sticky>
		<wp:postmeta>
			<wp:meta_key>_wp_page_template</wp:meta_key>
			<wp:meta_value><![CDATA[default]]></wp:meta_value>
		</wp:postmeta>
		<wp:postmeta>
			<wp:meta_key>_edit_last</wp:meta_key>
			<wp:meta_value><![CDATA[1]]></wp:meta_value>
		</wp:postmeta>
		<wp:postmeta>
			<wp:meta_key>ninja_forms_form</wp:meta_key>
			<wp:meta_value><![CDATA[0]]></wp:meta_value>
		</wp:postmeta>
	</item>
	<item>
				<title>tilley</title>
		<link>http://voist.diasporachangemakers.net/2014/01/27/tilley/</link>
		<pubDate>Mon, 27 Jan 2014 13:04:30 +0000</pubDate>
		<dc:creator><![CDATA[]]></dc:creator>
		<guid isPermaLink="false">http://voist.diasporachangemakers.net/?p=28</guid>
		<description></description>
		<content:encoded><![CDATA[<p style="text-align: center;">Lorem ipsum dolor sit amet, consectetur adipisicing elit, sed do eiusmod tempor incididunt ut labore et dolore magna aliqua. Ut enim ad minim veniam, quis nostrud exercitation ullamco laboris nisi ut aliquip ex ea commodo consequat. Duis aute irure dolor in reprehenderit in voluptate velit esse cillum dolore eu fugiat nulla pariatur. Excepteur sint occaecat cupidatat non proident, sunt in culpa qui officia deserunt mollit anim id est laborum.</p>]]></content:encoded>
		<excerpt:encoded><![CDATA[]]></excerpt:encoded>
		<wp:post_id>28</wp:post_id>
		<wp:post_date>2014-01-27 13:04:30</wp:post_date>
		<wp:post_date_gmt>2014-01-27 13:04:30</wp:post_date_gmt>
		<wp:comment_status>open</wp:comment_status>
		<wp:ping_status>open</wp:ping_status>
		<wp:post_name>tilley</wp:post_name>
		<wp:status>publish</wp:status>
		<wp:post_parent>0</wp:post_parent>
		<wp:menu_order>0</wp:menu_order>
		<wp:post_type>post</wp:post_type>
		<wp:post_password></wp:post_password>
		<wp:is_sticky>0</wp:is_sticky>
		<category domain="category" nicename="uncategorized"><![CDATA[Uncategorized]]></category>
		<wp:postmeta>
			<wp:meta_key>_edit_last</wp:meta_key>
			<wp:meta_value><![CDATA[1]]></wp:meta_value>
		</wp:postmeta>
		<wp:postmeta>
			<wp:meta_key>_wpas_done_all</wp:meta_key>
			<wp:meta_value><![CDATA[1]]></wp:meta_value>
		</wp:postmeta>
		<wp:postmeta>
			<wp:meta_key>bwps_enable_ssl</wp:meta_key>
			<wp:meta_value><![CDATA[]]></wp:meta_value>
		</wp:postmeta>
		<wp:postmeta>
			<wp:meta_key>ninja_forms_form</wp:meta_key>
			<wp:meta_value><![CDATA[0]]></wp:meta_value>
		</wp:postmeta>
		<wp:postmeta>
			<wp:meta_key>_thumbnail_id</wp:meta_key>
			<wp:meta_value><![CDATA[78]]></wp:meta_value>
		</wp:postmeta>
	</item>
	<item>
				<title>alex</title>
		<link>http://voist.diasporachangemakers.net/2014/01/27/alex/</link>
		<pubDate>Mon, 27 Jan 2014 13:04:54 +0000</pubDate>
		<dc:creator><![CDATA[]]></dc:creator>
		<guid isPermaLink="false">http://voist.diasporachangemakers.net/?p=30</guid>
		<description></description>
		<content:encoded><![CDATA[<p style="text-align: center;">Lorem ipsum dolor sit amet, consectetur adipisicing elit, sed do eiusmod tempor incididunt ut labore et dolore magna aliqua. Ut enim ad minim veniam, quis nostrud exercitation ullamco laboris nisi ut aliquip ex ea commodo consequat. Duis aute irure dolor in reprehenderit in voluptate velit esse cillum dolore eu fugiat nulla pariatur. Excepteur sint occaecat cupidatat non proident, sunt in culpa qui officia deserunt mollit anim id est laborum.</p>]]></content:encoded>
		<excerpt:encoded><![CDATA[]]></excerpt:encoded>
		<wp:post_id>30</wp:post_id>
		<wp:post_date>2014-01-27 13:04:54</wp:post_date>
		<wp:post_date_gmt>2014-01-27 13:04:54</wp:post_date_gmt>
		<wp:comment_status>open</wp:comment_status>
		<wp:ping_status>open</wp:ping_status>
		<wp:post_name>alex</wp:post_name>
		<wp:status>publish</wp:status>
		<wp:post_parent>0</wp:post_parent>
		<wp:menu_order>0</wp:menu_order>
		<wp:post_type>post</wp:post_type>
		<wp:post_password></wp:post_password>
		<wp:is_sticky>0</wp:is_sticky>
		<category domain="category" nicename="uncategorized"><![CDATA[Uncategorized]]></category>
		<wp:postmeta>
			<wp:meta_key>_edit_last</wp:meta_key>
			<wp:meta_value><![CDATA[1]]></wp:meta_value>
		</wp:postmeta>
		<wp:postmeta>
			<wp:meta_key>_wpas_done_all</wp:meta_key>
			<wp:meta_value><![CDATA[1]]></wp:meta_value>
		</wp:postmeta>
		<wp:postmeta>
			<wp:meta_key>ninja_forms_form</wp:meta_key>
			<wp:meta_value><![CDATA[0]]></wp:meta_value>
		</wp:postmeta>
		<wp:postmeta>
			<wp:meta_key>_thumbnail_id</wp:meta_key>
			<wp:meta_value><![CDATA[75]]></wp:meta_value>
		</wp:postmeta>
	</item>
	<item>
				<title>hannah</title>
		<link>http://voist.diasporachangemakers.net/2014/01/27/hannah/</link>
		<pubDate>Mon, 27 Jan 2014 13:05:14 +0000</pubDate>
		<dc:creator><![CDATA[]]></dc:creator>
		<guid isPermaLink="false">http://voist.diasporachangemakers.net/?p=32</guid>
		<description></description>
		<content:encoded><![CDATA[<p style="text-align: center;">Lorem ipsum dolor sit amet, consectetur adipisicing elit, sed do eiusmod tempor incididunt ut labore et dolore magna aliqua. Ut enim ad minim veniam, quis nostrud exercitation ullamco laboris nisi ut aliquip ex ea commodo consequat. Duis aute irure dolor in reprehenderit in voluptate velit esse cillum dolore eu fugiat nulla pariatur. Excepteur sint occaecat cupidatat non proident, sunt in culpa qui officia deserunt mollit anim id est laborum.</p>]]></content:encoded>
		<excerpt:encoded><![CDATA[]]></excerpt:encoded>
		<wp:post_id>32</wp:post_id>
		<wp:post_date>2014-01-27 13:05:14</wp:post_date>
		<wp:post_date_gmt>2014-01-27 13:05:14</wp:post_date_gmt>
		<wp:comment_status>open</wp:comment_status>
		<wp:ping_status>open</wp:ping_status>
		<wp:post_name>hannah</wp:post_name>
		<wp:status>publish</wp:status>
		<wp:post_parent>0</wp:post_parent>
		<wp:menu_order>0</wp:menu_order>
		<wp:post_type>post</wp:post_type>
		<wp:post_password></wp:post_password>
		<wp:is_sticky>0</wp:is_sticky>
		<category domain="category" nicename="uncategorized"><![CDATA[Uncategorized]]></category>
		<wp:postmeta>
			<wp:meta_key>_edit_last</wp:meta_key>
			<wp:meta_value><![CDATA[1]]></wp:meta_value>
		</wp:postmeta>
		<wp:postmeta>
			<wp:meta_key>_wpas_done_all</wp:meta_key>
			<wp:meta_value><![CDATA[1]]></wp:meta_value>
		</wp:postmeta>
		<wp:postmeta>
			<wp:meta_key>ninja_forms_form</wp:meta_key>
			<wp:meta_value><![CDATA[0]]></wp:meta_value>
		</wp:postmeta>
		<wp:postmeta>
			<wp:meta_key>_thumbnail_id</wp:meta_key>
			<wp:meta_value><![CDATA[76]]></wp:meta_value>
		</wp:postmeta>
	</item>
	<item>
				<title>raf</title>
		<link>http://voist.diasporachangemakers.net/2014/01/27/raf/</link>
		<pubDate>Mon, 27 Jan 2014 13:05:43 +0000</pubDate>
		<dc:creator><![CDATA[]]></dc:creator>
		<guid isPermaLink="false">http://voist.diasporachangemakers.net/?p=34</guid>
		<description></description>
		<content:encoded><![CDATA[<p style="text-align: center;">Lorem ipsum dolor sit amet, consectetur adipisicing elit, sed do eiusmod tempor incididunt ut labore et dolore magna aliqua. Ut enim ad minim veniam, quis nostrud exercitation ullamco laboris nisi ut aliquip ex ea commodo consequat. Duis aute irure dolor in reprehenderit in voluptate velit esse cillum dolore eu fugiat nulla pariatur. Excepteur sint occaecat cupidatat non proident, sunt in culpa qui officia deserunt mollit anim id est laborum.</p>]]></content:encoded>
		<excerpt:encoded><![CDATA[]]></excerpt:encoded>
		<wp:post_id>34</wp:post_id>
		<wp:post_date>2014-01-27 13:05:43</wp:post_date>
		<wp:post_date_gmt>2014-01-27 13:05:43</wp:post_date_gmt>
		<wp:comment_status>open</wp:comment_status>
		<wp:ping_status>open</wp:ping_status>
		<wp:post_name>raf</wp:post_name>
		<wp:status>publish</wp:status>
		<wp:post_parent>0</wp:post_parent>
		<wp:menu_order>0</wp:menu_order>
		<wp:post_type>post</wp:post_type>
		<wp:post_password></wp:post_password>
		<wp:is_sticky>0</wp:is_sticky>
		<category domain="category" nicename="uncategorized"><![CDATA[Uncategorized]]></category>
		<wp:postmeta>
			<wp:meta_key>_edit_last</wp:meta_key>
			<wp:meta_value><![CDATA[1]]></wp:meta_value>
		</wp:postmeta>
		<wp:postmeta>
			<wp:meta_key>_wpas_done_all</wp:meta_key>
			<wp:meta_value><![CDATA[1]]></wp:meta_value>
		</wp:postmeta>
		<wp:postmeta>
			<wp:meta_key>ninja_forms_form</wp:meta_key>
			<wp:meta_value><![CDATA[0]]></wp:meta_value>
		</wp:postmeta>
		<wp:postmeta>
			<wp:meta_key>_thumbnail_id</wp:meta_key>
			<wp:meta_value><![CDATA[77]]></wp:meta_value>
		</wp:postmeta>
	</item>
	<item>
				<title>what we do</title>
		<link>http://voist.diasporachangemakers.net/what-we-do/</link>
		<pubDate>Mon, 27 Jan 2014 13:11:53 +0000</pubDate>
		<dc:creator><![CDATA[]]></dc:creator>
		<guid isPermaLink="false">http://voist.diasporachangemakers.net/?page_id=38</guid>
		<description></description>
		<content:encoded><![CDATA[here's content pulled from <a href="http://publicservice.hublaunchpad.net/accelerator/activity/" target="_blank">the public services launchpad pages</a> with info re: founders, mentors and facilitators of the accelerator programme. original text contains only... text so here individuals involved in the accelerator or rather their names are floating on the screen in truly w3c fashion thanks to awesome d3.js.

you are likely to see it all expanded and jumbled up together so you might want to click on blue nodes to colapse them. you might also try and drag them around :-) it's all physics :-))

once we has some time we will work on styling, group founders into teams, add links and some interactive and useful functionalities so there is more fun to come and we are also likely to try different graphs and layouts to see what works best … so in truly lean fashion we would appreciate your feedback ;-)
<p style="text-align: justify;">[advanced_iframe securitykey="21cef44dd4fe77e5915e3c494ecd01d851d09701" scrolling="auto"]</p>
<a title="@rafszul" href="https://twitter.com/rafszul" target="_blank">raf</a>]]></content:encoded>
		<excerpt:encoded><![CDATA[]]></excerpt:encoded>
		<wp:post_id>38</wp:post_id>
		<wp:post_date>2014-01-27 13:11:53</wp:post_date>
		<wp:post_date_gmt>2014-01-27 13:11:53</wp:post_date_gmt>
		<wp:comment_status>open</wp:comment_status>
		<wp:ping_status>open</wp:ping_status>
		<wp:post_name>what-we-do</wp:post_name>
		<wp:status>publish</wp:status>
		<wp:post_parent>0</wp:post_parent>
		<wp:menu_order>0</wp:menu_order>
		<wp:post_type>page</wp:post_type>
		<wp:post_password></wp:post_password>
		<wp:is_sticky>0</wp:is_sticky>
		<wp:postmeta>
			<wp:meta_key>_edit_last</wp:meta_key>
			<wp:meta_value><![CDATA[1]]></wp:meta_value>
		</wp:postmeta>
		<wp:postmeta>
			<wp:meta_key>_wpas_done_all</wp:meta_key>
			<wp:meta_value><![CDATA[1]]></wp:meta_value>
		</wp:postmeta>
		<wp:postmeta>
			<wp:meta_key>ninja_forms_form</wp:meta_key>
			<wp:meta_value><![CDATA[0]]></wp:meta_value>
		</wp:postmeta>
		<wp:postmeta>
			<wp:meta_key>wpd3-38-0</wp:meta_key>
			<wp:meta_value><![CDATA[{"includes":["http://voist.diasporachangemakers.net/wp-content/uploads/sites/2/2014/01/style.css","http://voist.diasporachangemakers.net/wp-content/uploads/sites/2/2014/01/graph.json"],"code":"  var width = 960,\n            height = 750,\n            root;\n        var force = d3.layout.force().linkDistance(80).charge(-120).gravity(.05).size([width, height]).on(\"tick\", tick);\n        var svg = d3.select(\".wpd3-38-0\").append(\"svg\").attr(\"width\", width).attr(\"height\", height);\n        var link = svg.selectAll(\".link\"),\n            node = svg.selectAll(\".node\");\n        d3.json(\"graph.json\", function(error, json) {\n            root = json;\n            update();\n        });\n\n        function update() {\n            var nodes = flatten(root),\n                links = d3.layout.tree().links(nodes);\n            // Restart the force layout.\n            force.nodes(nodes).links(links).start();\n            // Update links.\n            link = link.data(links, function(d) {\n                return d.target.id;\n            });\n            link.exit().remove();\n            link.enter().insert(\"line\", \".node\").attr(\"class\", \"link\");\n            // Update nodes.\n            node = node.data(nodes, function(d) {\n                return d.id;\n            });\n            node.exit().remove();\n            var nodeEnter = node.enter().append(\"g\").attr(\"class\", \"node\").on(\"click\", click).call(force.drag);\n            nodeEnter.append(\"circle\").attr(\"r\", function(d) {\n                return Math.sqrt(d.size) / 10 || 4.5;\n            });\n            nodeEnter.append(\"text\").attr(\"dy\", \".35em\").text(function(d) {\n                return d.name;\n            });\n            node.select(\"circle\").style(\"fill\", color);\n        }\n\n        function tick() {\n            link.attr(\"x1\", function(d) {\n                return d.source.x;\n            }).attr(\"y1\", function(d) {\n                return d.source.y;\n            }).attr(\"x2\", function(d) {\n                return d.target.x;\n            }).attr(\"y2\", function(d) {\n                return d.target.y;\n            });\n            node.attr(\"transform\", function(d) {\n                return \"translate(\" + d.x + \",\" + d.y + \")\";\n            });\n        }\n\n        function color(d) {\n            return d._children ? \"#3182bd\" // collapsed package\n            : d.children ? \"#c6dbef\" // expanded package\n            : \"#fd8d3c\"; // leaf node\n        }\n         // Toggle children on click.\n\n        function click(d) {\n            if(d3.event.defaultPrevented) return; // ignore drag\n            if(d.children) {\n                d._children = d.children;\n                d.children = null;\n            } else {\n                d.children = d._children;\n                d._children = null;\n            }\n            update();\n        }\n         // Returns a list of all nodes under the root.\n\n        function flatten(root) {\n            var nodes = [],\n                i = 0;\n\n            function recurse(node) {\n                if(node.children) node.children.forEach(recurse);\n                if(!node.id) node.id = ++i;\n                nodes.push(node);\n            }\n            recurse(root);\n            return nodes;\n        }"}]]></wp:meta_value>
		</wp:postmeta>
	</item>
	<item>
				<title>voist</title>
		<link>http://voist.diasporachangemakers.net/2014/01/27/51/</link>
		<pubDate>Mon, 27 Jan 2014 13:48:38 +0000</pubDate>
		<dc:creator><![CDATA[]]></dc:creator>
		<guid isPermaLink="false">http://voist.diasporachangemakers.net/?p=51</guid>
		<description></description>
		<content:encoded><![CDATA[<a href="http://voist.diasporachangemakers.net/wp-content/uploads/sites/2/2014/01/1506848_702577889773400_532807110_n.jpg"><img class="alignnone size-full wp-image-86" alt="four panels with members of voist" src="http://voist.diasporachangemakers.net/wp-content/uploads/sites/2/2014/01/1506848_702577889773400_532807110_n.jpg" width="945" height="800" /></a>]]></content:encoded>
		<excerpt:encoded><![CDATA[]]></excerpt:encoded>
		<wp:post_id>51</wp:post_id>
		<wp:post_date>2014-01-27 13:48:38</wp:post_date>
		<wp:post_date_gmt>2014-01-27 13:48:38</wp:post_date_gmt>
		<wp:comment_status>open</wp:comment_status>
		<wp:ping_status>open</wp:ping_status>
		<wp:post_name>51</wp:post_name>
		<wp:status>publish</wp:status>
		<wp:post_parent>0</wp:post_parent>
		<wp:menu_order>0</wp:menu_order>
		<wp:post_type>post</wp:post_type>
		<wp:post_password></wp:post_password>
		<wp:is_sticky>0</wp:is_sticky>
		<category domain="category" nicename="uncategorized"><![CDATA[Uncategorized]]></category>
		<wp:postmeta>
			<wp:meta_key>_edit_last</wp:meta_key>
			<wp:meta_value><![CDATA[1]]></wp:meta_value>
		</wp:postmeta>
		<wp:postmeta>
			<wp:meta_key>_wpas_done_all</wp:meta_key>
			<wp:meta_value><![CDATA[1]]></wp:meta_value>
		</wp:postmeta>
		<wp:postmeta>
			<wp:meta_key>ninja_forms_form</wp:meta_key>
			<wp:meta_value><![CDATA[0]]></wp:meta_value>
		</wp:postmeta>
		<wp:postmeta>
			<wp:meta_key>_thumbnail_id</wp:meta_key>
			<wp:meta_value><![CDATA[5]]></wp:meta_value>
		</wp:postmeta>
	</item>
	<item>
				<title>alex</title>
		<link>http://voist.diasporachangemakers.net/core-team/alex/</link>
		<pubDate>Thu, 30 Jan 2014 11:40:22 +0000</pubDate>
		<dc:creator><![CDATA[]]></dc:creator>
		<guid isPermaLink="false">http://voist.diasporachangemakers.net/?page_id=64</guid>
		<description></description>
		<content:encoded><![CDATA[<p style="text-align: center;"><a href="https://twitter.com/PieSliced"><img class="size-full wp-image-75 aligncenter" alt="alex" src="http://voist.diasporachangemakers.net/wp-content/uploads/sites/2/2014/01/alex.jpg" width="448" height="597" /></a></p>]]></content:encoded>
		<excerpt:encoded><![CDATA[]]></excerpt:encoded>
		<wp:post_id>64</wp:post_id>
		<wp:post_date>2014-01-30 11:40:22</wp:post_date>
		<wp:post_date_gmt>2014-01-30 11:40:22</wp:post_date_gmt>
		<wp:comment_status>open</wp:comment_status>
		<wp:ping_status>open</wp:ping_status>
		<wp:post_name>alex</wp:post_name>
		<wp:status>publish</wp:status>
		<wp:post_parent>2</wp:post_parent>
		<wp:menu_order>0</wp:menu_order>
		<wp:post_type>page</wp:post_type>
		<wp:post_password></wp:post_password>
		<wp:is_sticky>0</wp:is_sticky>
		<wp:postmeta>
			<wp:meta_key>_edit_last</wp:meta_key>
			<wp:meta_value><![CDATA[1]]></wp:meta_value>
		</wp:postmeta>
		<wp:postmeta>
			<wp:meta_key>_wpas_done_all</wp:meta_key>
			<wp:meta_value><![CDATA[1]]></wp:meta_value>
		</wp:postmeta>
		<wp:postmeta>
			<wp:meta_key>ninja_forms_form</wp:meta_key>
			<wp:meta_value><![CDATA[0]]></wp:meta_value>
		</wp:postmeta>
	</item>
	<item>
				<title>raf</title>
		<link>http://voist.diasporachangemakers.net/core-team/raf/</link>
		<pubDate>Thu, 30 Jan 2014 11:40:44 +0000</pubDate>
		<dc:creator><![CDATA[]]></dc:creator>
		<guid isPermaLink="false">http://voist.diasporachangemakers.net/?page_id=66</guid>
		<description></description>
		<content:encoded><![CDATA[<p style="text-align: center;"><a href="https://twitter.com/rafszul"><img class="size-full wp-image-77 aligncenter" alt="raf" src="http://voist.diasporachangemakers.net/wp-content/uploads/sites/2/2014/01/raf.jpg" width="480" height="640" /></a></p>]]></content:encoded>
		<excerpt:encoded><![CDATA[]]></excerpt:encoded>
		<wp:post_id>66</wp:post_id>
		<wp:post_date>2014-01-30 11:40:44</wp:post_date>
		<wp:post_date_gmt>2014-01-30 11:40:44</wp:post_date_gmt>
		<wp:comment_status>open</wp:comment_status>
		<wp:ping_status>open</wp:ping_status>
		<wp:post_name>raf</wp:post_name>
		<wp:status>publish</wp:status>
		<wp:post_parent>2</wp:post_parent>
		<wp:menu_order>0</wp:menu_order>
		<wp:post_type>page</wp:post_type>
		<wp:post_password></wp:post_password>
		<wp:is_sticky>0</wp:is_sticky>
		<wp:postmeta>
			<wp:meta_key>_edit_last</wp:meta_key>
			<wp:meta_value><![CDATA[1]]></wp:meta_value>
		</wp:postmeta>
		<wp:postmeta>
			<wp:meta_key>_wpas_done_all</wp:meta_key>
			<wp:meta_value><![CDATA[1]]></wp:meta_value>
		</wp:postmeta>
		<wp:postmeta>
			<wp:meta_key>ninja_forms_form</wp:meta_key>
			<wp:meta_value><![CDATA[0]]></wp:meta_value>
		</wp:postmeta>
	</item>
	<item>
				<title>hannah</title>
		<link>http://voist.diasporachangemakers.net/core-team/hannah/</link>
		<pubDate>Thu, 30 Jan 2014 12:06:30 +0000</pubDate>
		<dc:creator><![CDATA[]]></dc:creator>
		<guid isPermaLink="false">http://voist.diasporachangemakers.net/?page_id=72</guid>
		<description></description>
		<content:encoded><![CDATA[<p style="text-align: center;"><a href="https://twitter.com/Tala703"><img class="size-full wp-image-76 aligncenter" alt="hannah" src="http://voist.diasporachangemakers.net/wp-content/uploads/sites/2/2014/01/hannah.jpg" width="480" height="640" /></a></p>]]></content:encoded>
		<excerpt:encoded><![CDATA[]]></excerpt:encoded>
		<wp:post_id>72</wp:post_id>
		<wp:post_date>2014-01-30 12:06:30</wp:post_date>
		<wp:post_date_gmt>2014-01-30 12:06:30</wp:post_date_gmt>
		<wp:comment_status>open</wp:comment_status>
		<wp:ping_status>open</wp:ping_status>
		<wp:post_name>hannah</wp:post_name>
		<wp:status>publish</wp:status>
		<wp:post_parent>2</wp:post_parent>
		<wp:menu_order>0</wp:menu_order>
		<wp:post_type>page</wp:post_type>
		<wp:post_password></wp:post_password>
		<wp:is_sticky>0</wp:is_sticky>
		<wp:postmeta>
			<wp:meta_key>_edit_last</wp:meta_key>
			<wp:meta_value><![CDATA[1]]></wp:meta_value>
		</wp:postmeta>
		<wp:postmeta>
			<wp:meta_key>_wpas_done_all</wp:meta_key>
			<wp:meta_value><![CDATA[1]]></wp:meta_value>
		</wp:postmeta>
		<wp:postmeta>
			<wp:meta_key>ninja_forms_form</wp:meta_key>
			<wp:meta_value><![CDATA[0]]></wp:meta_value>
		</wp:postmeta>
	</item>
	<item>
				<title>tilley</title>
		<link>http://voist.diasporachangemakers.net/core-team/tilley/</link>
		<pubDate>Mon, 03 Feb 2014 14:24:00 +0000</pubDate>
		<dc:creator><![CDATA[]]></dc:creator>
		<guid isPermaLink="false">http://voist.diasporachangemakers.net/?page_id=94</guid>
		<description></description>
		<content:encoded><![CDATA[<p style="text-align: center;"><a href="https://twitter.com/VoistTilley"><img class="size-full wp-image-78 aligncenter" alt="tilley" src="http://voist.diasporachangemakers.net/wp-content/uploads/sites/2/2014/01/tilley.jpg" width="484" height="645" /></a></p>]]></content:encoded>
		<excerpt:encoded><![CDATA[]]></excerpt:encoded>
		<wp:post_id>94</wp:post_id>
		<wp:post_date>2014-02-03 14:24:00</wp:post_date>
		<wp:post_date_gmt>2014-02-03 14:24:00</wp:post_date_gmt>
		<wp:comment_status>open</wp:comment_status>
		<wp:ping_status>open</wp:ping_status>
		<wp:post_name>tilley</wp:post_name>
		<wp:status>publish</wp:status>
		<wp:post_parent>2</wp:post_parent>
		<wp:menu_order>0</wp:menu_order>
		<wp:post_type>page</wp:post_type>
		<wp:post_password></wp:post_password>
		<wp:is_sticky>0</wp:is_sticky>
		<wp:postmeta>
			<wp:meta_key>_edit_last</wp:meta_key>
			<wp:meta_value><![CDATA[1]]></wp:meta_value>
		</wp:postmeta>
		<wp:postmeta>
			<wp:meta_key>_wpas_done_all</wp:meta_key>
			<wp:meta_value><![CDATA[1]]></wp:meta_value>
		</wp:postmeta>
		<wp:postmeta>
			<wp:meta_key>ninja_forms_form</wp:meta_key>
			<wp:meta_value><![CDATA[0]]></wp:meta_value>
		</wp:postmeta>
	</item>
	<item>
				<title></title>
		<link>http://voist.diasporachangemakers.net/2014/02/11/122/</link>
		<pubDate>Tue, 11 Feb 2014 07:37:22 +0000</pubDate>
		<dc:creator><![CDATA[]]></dc:creator>
		<guid isPermaLink="false">http://voist.diasporachangemakers.net/?p=122</guid>
		<description></description>
		<content:encoded><![CDATA[ ]]></content:encoded>
		<excerpt:encoded><![CDATA[]]></excerpt:encoded>
		<wp:post_id>122</wp:post_id>
		<wp:post_date>2014-02-11 07:37:22</wp:post_date>
		<wp:post_date_gmt>2014-02-11 07:37:22</wp:post_date_gmt>
		<wp:comment_status>open</wp:comment_status>
		<wp:ping_status>open</wp:ping_status>
		<wp:post_name>122</wp:post_name>
		<wp:status>publish</wp:status>
		<wp:post_parent>2</wp:post_parent>
		<wp:menu_order>7</wp:menu_order>
		<wp:post_type>nav_menu_item</wp:post_type>
		<wp:post_password></wp:post_password>
		<wp:is_sticky>0</wp:is_sticky>
		<category domain="nav_menu" nicename="menu-1"><![CDATA[Menu 1]]></category>
		<wp:postmeta>
			<wp:meta_key>_menu_item_type</wp:meta_key>
			<wp:meta_value><![CDATA[post_type]]></wp:meta_value>
		</wp:postmeta>
		<wp:postmeta>
			<wp:meta_key>_menu_item_menu_item_parent</wp:meta_key>
			<wp:meta_value><![CDATA[119]]></wp:meta_value>
		</wp:postmeta>
		<wp:postmeta>
			<wp:meta_key>_menu_item_object_id</wp:meta_key>
			<wp:meta_value><![CDATA[66]]></wp:meta_value>
		</wp:postmeta>
		<wp:postmeta>
			<wp:meta_key>_menu_item_object</wp:meta_key>
			<wp:meta_value><![CDATA[page]]></wp:meta_value>
		</wp:postmeta>
		<wp:postmeta>
			<wp:meta_key>_menu_item_target</wp:meta_key>
			<wp:meta_value><![CDATA[]]></wp:meta_value>
		</wp:postmeta>
		<wp:postmeta>
			<wp:meta_key>_menu_item_classes</wp:meta_key>
			<wp:meta_value><![CDATA[a:1:{i:0;s:0:"";}]]></wp:meta_value>
		</wp:postmeta>
		<wp:postmeta>
			<wp:meta_key>_menu_item_xfn</wp:meta_key>
			<wp:meta_value><![CDATA[]]></wp:meta_value>
		</wp:postmeta>
		<wp:postmeta>
			<wp:meta_key>_menu_item_url</wp:meta_key>
			<wp:meta_value><![CDATA[]]></wp:meta_value>
		</wp:postmeta>
		<wp:postmeta>
			<wp:meta_key>_wpas_done_all</wp:meta_key>
			<wp:meta_value><![CDATA[1]]></wp:meta_value>
		</wp:postmeta>
	</item>
	<item>
				<title></title>
		<link>http://voist.diasporachangemakers.net/2014/02/11/123/</link>
		<pubDate>Tue, 11 Feb 2014 07:37:22 +0000</pubDate>
		<dc:creator><![CDATA[]]></dc:creator>
		<guid isPermaLink="false">http://voist.diasporachangemakers.net/?p=123</guid>
		<description></description>
		<content:encoded><![CDATA[ ]]></content:encoded>
		<excerpt:encoded><![CDATA[]]></excerpt:encoded>
		<wp:post_id>123</wp:post_id>
		<wp:post_date>2014-02-11 07:37:22</wp:post_date>
		<wp:post_date_gmt>2014-02-11 07:37:22</wp:post_date_gmt>
		<wp:comment_status>open</wp:comment_status>
		<wp:ping_status>open</wp:ping_status>
		<wp:post_name>123</wp:post_name>
		<wp:status>publish</wp:status>
		<wp:post_parent>2</wp:post_parent>
		<wp:menu_order>4</wp:menu_order>
		<wp:post_type>nav_menu_item</wp:post_type>
		<wp:post_password></wp:post_password>
		<wp:is_sticky>0</wp:is_sticky>
		<category domain="nav_menu" nicename="menu-1"><![CDATA[Menu 1]]></category>
		<wp:postmeta>
			<wp:meta_key>_menu_item_type</wp:meta_key>
			<wp:meta_value><![CDATA[post_type]]></wp:meta_value>
		</wp:postmeta>
		<wp:postmeta>
			<wp:meta_key>_menu_item_menu_item_parent</wp:meta_key>
			<wp:meta_value><![CDATA[119]]></wp:meta_value>
		</wp:postmeta>
		<wp:postmeta>
			<wp:meta_key>_menu_item_object_id</wp:meta_key>
			<wp:meta_value><![CDATA[64]]></wp:meta_value>
		</wp:postmeta>
		<wp:postmeta>
			<wp:meta_key>_menu_item_object</wp:meta_key>
			<wp:meta_value><![CDATA[page]]></wp:meta_value>
		</wp:postmeta>
		<wp:postmeta>
			<wp:meta_key>_menu_item_target</wp:meta_key>
			<wp:meta_value><![CDATA[]]></wp:meta_value>
		</wp:postmeta>
		<wp:postmeta>
			<wp:meta_key>_menu_item_classes</wp:meta_key>
			<wp:meta_value><![CDATA[a:1:{i:0;s:0:"";}]]></wp:meta_value>
		</wp:postmeta>
		<wp:postmeta>
			<wp:meta_key>_menu_item_xfn</wp:meta_key>
			<wp:meta_value><![CDATA[]]></wp:meta_value>
		</wp:postmeta>
		<wp:postmeta>
			<wp:meta_key>_menu_item_url</wp:meta_key>
			<wp:meta_value><![CDATA[]]></wp:meta_value>
		</wp:postmeta>
		<wp:postmeta>
			<wp:meta_key>_wpas_done_all</wp:meta_key>
			<wp:meta_value><![CDATA[1]]></wp:meta_value>
		</wp:postmeta>
	</item>
	<item>
				<title>Events</title>
		<link>http://voist.diasporachangemakers.net/events/</link>
		<pubDate>Sun, 09 Mar 2014 16:36:12 +0000</pubDate>
		<dc:creator><![CDATA[]]></dc:creator>
		<guid isPermaLink="false">http://voist.diasporachangemakers.net/events/</guid>
		<description></description>
		<content:encoded><![CDATA[CONTENTS]]></content:encoded>
		<excerpt:encoded><![CDATA[CONTENTS]]></excerpt:encoded>
		<wp:post_id>136</wp:post_id>
		<wp:post_date>2014-03-09 16:36:12</wp:post_date>
		<wp:post_date_gmt>2014-03-09 16:36:12</wp:post_date_gmt>
		<wp:comment_status>open</wp:comment_status>
		<wp:ping_status>open</wp:ping_status>
		<wp:post_name>events</wp:post_name>
		<wp:status>publish</wp:status>
		<wp:post_parent>0</wp:post_parent>
		<wp:menu_order>0</wp:menu_order>
		<wp:post_type>page</wp:post_type>
		<wp:post_password></wp:post_password>
		<wp:is_sticky>0</wp:is_sticky>
		<wp:postmeta>
			<wp:meta_key>_wpas_done_all</wp:meta_key>
			<wp:meta_value><![CDATA[1]]></wp:meta_value>
		</wp:postmeta>
	</item>
	<item>
				<title>Locations</title>
		<link>http://voist.diasporachangemakers.net/events/locations/</link>
		<pubDate>Sun, 09 Mar 2014 16:36:12 +0000</pubDate>
		<dc:creator><![CDATA[]]></dc:creator>
		<guid isPermaLink="false">http://voist.diasporachangemakers.net/events/locations/</guid>
		<description></description>
		<content:encoded><![CDATA[CONTENTS]]></content:encoded>
		<excerpt:encoded><![CDATA[]]></excerpt:encoded>
		<wp:post_id>137</wp:post_id>
		<wp:post_date>2014-03-09 16:36:12</wp:post_date>
		<wp:post_date_gmt>2014-03-09 16:36:12</wp:post_date_gmt>
		<wp:comment_status>open</wp:comment_status>
		<wp:ping_status>open</wp:ping_status>
		<wp:post_name>locations</wp:post_name>
		<wp:status>publish</wp:status>
		<wp:post_parent>136</wp:post_parent>
		<wp:menu_order>0</wp:menu_order>
		<wp:post_type>page</wp:post_type>
		<wp:post_password></wp:post_password>
		<wp:is_sticky>0</wp:is_sticky>
		<wp:postmeta>
			<wp:meta_key>_wpas_done_all</wp:meta_key>
			<wp:meta_value><![CDATA[1]]></wp:meta_value>
		</wp:postmeta>
	</item>
	<item>
				<title>Categories</title>
		<link>http://voist.diasporachangemakers.net/events/categories/</link>
		<pubDate>Sun, 09 Mar 2014 16:36:12 +0000</pubDate>
		<dc:creator><![CDATA[]]></dc:creator>
		<guid isPermaLink="false">http://voist.diasporachangemakers.net/events/categories/</guid>
		<description></description>
		<content:encoded><![CDATA[CONTENTS]]></content:encoded>
		<excerpt:encoded><![CDATA[]]></excerpt:encoded>
		<wp:post_id>138</wp:post_id>
		<wp:post_date>2014-03-09 16:36:12</wp:post_date>
		<wp:post_date_gmt>2014-03-09 16:36:12</wp:post_date_gmt>
		<wp:comment_status>open</wp:comment_status>
		<wp:ping_status>open</wp:ping_status>
		<wp:post_name>categories</wp:post_name>
		<wp:status>publish</wp:status>
		<wp:post_parent>136</wp:post_parent>
		<wp:menu_order>0</wp:menu_order>
		<wp:post_type>page</wp:post_type>
		<wp:post_password></wp:post_password>
		<wp:is_sticky>0</wp:is_sticky>
		<wp:postmeta>
			<wp:meta_key>_wpas_done_all</wp:meta_key>
			<wp:meta_value><![CDATA[1]]></wp:meta_value>
		</wp:postmeta>
	</item>
	<item>
				<title>Tags</title>
		<link>http://voist.diasporachangemakers.net/events/tags/</link>
		<pubDate>Sun, 09 Mar 2014 16:36:12 +0000</pubDate>
		<dc:creator><![CDATA[]]></dc:creator>
		<guid isPermaLink="false">http://voist.diasporachangemakers.net/events/tags/</guid>
		<description></description>
		<content:encoded><![CDATA[CONTENTS]]></content:encoded>
		<excerpt:encoded><![CDATA[]]></excerpt:encoded>
		<wp:post_id>139</wp:post_id>
		<wp:post_date>2014-03-09 16:36:12</wp:post_date>
		<wp:post_date_gmt>2014-03-09 16:36:12</wp:post_date_gmt>
		<wp:comment_status>open</wp:comment_status>
		<wp:ping_status>open</wp:ping_status>
		<wp:post_name>tags</wp:post_name>
		<wp:status>publish</wp:status>
		<wp:post_parent>136</wp:post_parent>
		<wp:menu_order>0</wp:menu_order>
		<wp:post_type>page</wp:post_type>
		<wp:post_password></wp:post_password>
		<wp:is_sticky>0</wp:is_sticky>
		<wp:postmeta>
			<wp:meta_key>_wpas_done_all</wp:meta_key>
			<wp:meta_value><![CDATA[1]]></wp:meta_value>
		</wp:postmeta>
	</item>
	<item>
				<title>My Bookings</title>
		<link>http://voist.diasporachangemakers.net/events/my-bookings/</link>
		<pubDate>Sun, 09 Mar 2014 16:36:12 +0000</pubDate>
		<dc:creator><![CDATA[]]></dc:creator>
		<guid isPermaLink="false">http://voist.diasporachangemakers.net/events/my-bookings/</guid>
		<description></description>
		<content:encoded><![CDATA[CONTENTS]]></content:encoded>
		<excerpt:encoded><![CDATA[]]></excerpt:encoded>
		<wp:post_id>140</wp:post_id>
		<wp:post_date>2014-03-09 16:36:12</wp:post_date>
		<wp:post_date_gmt>2014-03-09 16:36:12</wp:post_date_gmt>
		<wp:comment_status>open</wp:comment_status>
		<wp:ping_status>open</wp:ping_status>
		<wp:post_name>my-bookings</wp:post_name>
		<wp:status>publish</wp:status>
		<wp:post_parent>136</wp:post_parent>
		<wp:menu_order>0</wp:menu_order>
		<wp:post_type>page</wp:post_type>
		<wp:post_password></wp:post_password>
		<wp:is_sticky>0</wp:is_sticky>
		<wp:postmeta>
			<wp:meta_key>_wpas_done_all</wp:meta_key>
			<wp:meta_value><![CDATA[1]]></wp:meta_value>
		</wp:postmeta>
	</item>
	<item>
				<title></title>
		<link>http://voist.diasporachangemakers.net/2014/03/11/147/</link>
		<pubDate>Tue, 11 Mar 2014 14:20:57 +0000</pubDate>
		<dc:creator><![CDATA[]]></dc:creator>
		<guid isPermaLink="false">http://voist.diasporachangemakers.net/?p=147</guid>
		<description></description>
		<content:encoded><![CDATA[ ]]></content:encoded>
		<excerpt:encoded><![CDATA[]]></excerpt:encoded>
		<wp:post_id>147</wp:post_id>
		<wp:post_date>2014-03-11 14:20:57</wp:post_date>
		<wp:post_date_gmt>2014-03-11 14:20:57</wp:post_date_gmt>
		<wp:comment_status>open</wp:comment_status>
		<wp:ping_status>open</wp:ping_status>
		<wp:post_name>147</wp:post_name>
		<wp:status>publish</wp:status>
		<wp:post_parent>0</wp:post_parent>
		<wp:menu_order>8</wp:menu_order>
		<wp:post_type>nav_menu_item</wp:post_type>
		<wp:post_password></wp:post_password>
		<wp:is_sticky>0</wp:is_sticky>
		<category domain="nav_menu" nicename="menu-1"><![CDATA[Menu 1]]></category>
		<wp:postmeta>
			<wp:meta_key>_menu_item_menu_item_parent</wp:meta_key>
			<wp:meta_value><![CDATA[0]]></wp:meta_value>
		</wp:postmeta>
		<wp:postmeta>
			<wp:meta_key>_menu_item_type</wp:meta_key>
			<wp:meta_value><![CDATA[post_type]]></wp:meta_value>
		</wp:postmeta>
		<wp:postmeta>
			<wp:meta_key>_menu_item_object_id</wp:meta_key>
			<wp:meta_value><![CDATA[142]]></wp:meta_value>
		</wp:postmeta>
		<wp:postmeta>
			<wp:meta_key>_menu_item_object</wp:meta_key>
			<wp:meta_value><![CDATA[location]]></wp:meta_value>
		</wp:postmeta>
		<wp:postmeta>
			<wp:meta_key>_menu_item_target</wp:meta_key>
			<wp:meta_value><![CDATA[]]></wp:meta_value>
		</wp:postmeta>
		<wp:postmeta>
			<wp:meta_key>_menu_item_classes</wp:meta_key>
			<wp:meta_value><![CDATA[a:1:{i:0;s:0:"";}]]></wp:meta_value>
		</wp:postmeta>
		<wp:postmeta>
			<wp:meta_key>_menu_item_xfn</wp:meta_key>
			<wp:meta_value><![CDATA[]]></wp:meta_value>
		</wp:postmeta>
		<wp:postmeta>
			<wp:meta_key>_menu_item_url</wp:meta_key>
			<wp:meta_value><![CDATA[]]></wp:meta_value>
		</wp:postmeta>
		<wp:postmeta>
			<wp:meta_key>_wpas_done_all</wp:meta_key>
			<wp:meta_value><![CDATA[1]]></wp:meta_value>
		</wp:postmeta>
	</item>
	<item>
				<title>public services launchpad network graph</title>
		<link>http://voist.diasporachangemakers.net/2014/02/03/public-services-launchpad-network-graph/</link>
		<pubDate>Mon, 03 Feb 2014 17:10:05 +0000</pubDate>
		<dc:creator><![CDATA[]]></dc:creator>
		<guid isPermaLink="false">http://voist.diasporachangemakers.net/?p=106</guid>
		<description></description>
		<content:encoded><![CDATA[<a href="http://plnkr.co/w2KrxZ" target="_blank"><span style="text-decoration: underline;"><em>//the same graph different frames with source code and slightly updated styling. i am not a designer so if you are go ahead modify the graph</em></span></a>

here's content pulled from <a href="http://publicservice.hublaunchpad.net/accelerator/activity/" target="_blank">the public services launchpad pages</a> with info re: founders, mentors and facilitators of the accelerator programme. original text contains only... text so here individuals involved in the accelerator or rather their names are floating on the screen in truly w3c fashion thanks to awesome d3.js.

you are likely to see it all expanded and jumbled up together so you might want to click on blue nodes to colapse them. you might also try and drag them around :-) it's all physics :-))

once we has some time we will work on styling, group founders into teams, add links and some interactive and useful functionalities so there is more fun to come and we are also likely to try different graphs and layouts to see what works best … so in truly lean fashion we would appreciate your feedback ;-)

[advanced_iframe securitykey="21cef44dd4fe77e5915e3c494ecd01d851d09701" scrolling="auto"]

<a title="@rafszul" href="https://twitter.com/rafszul" target="_blank">raf</a> //sorry for the use of iframe but i still have some issues with getting my d3.js to work inside wordpress]]></content:encoded>
		<excerpt:encoded><![CDATA[]]></excerpt:encoded>
		<wp:post_id>106</wp:post_id>
		<wp:post_date>2014-02-03 17:10:05</wp:post_date>
		<wp:post_date_gmt>2014-02-03 17:10:05</wp:post_date_gmt>
		<wp:comment_status>open</wp:comment_status>
		<wp:ping_status>open</wp:ping_status>
		<wp:post_name>public-services-launchpad-network-graph</wp:post_name>
		<wp:status>publish</wp:status>
		<wp:post_parent>0</wp:post_parent>
		<wp:menu_order>0</wp:menu_order>
		<wp:post_type>post</wp:post_type>
		<wp:post_password></wp:post_password>
		<wp:is_sticky>0</wp:is_sticky>
		<category domain="category" nicename="uncategorized"><![CDATA[Uncategorized]]></category>
		<wp:postmeta>
			<wp:meta_key>_edit_last</wp:meta_key>
			<wp:meta_value><![CDATA[1]]></wp:meta_value>
		</wp:postmeta>
		<wp:postmeta>
			<wp:meta_key>_wpas_done_all</wp:meta_key>
			<wp:meta_value><![CDATA[1]]></wp:meta_value>
		</wp:postmeta>
		<wp:postmeta>
			<wp:meta_key>ninja_forms_form</wp:meta_key>
			<wp:meta_value><![CDATA[0]]></wp:meta_value>
		</wp:postmeta>
	</item>
	<item>
				<title>Alles neu</title>
		<link>http://voist.diasporachangemakers.net/2014/02/21/ales-neu/</link>
		<pubDate>Fri, 21 Feb 2014 17:29:52 +0000</pubDate>
		<dc:creator><![CDATA[]]></dc:creator>
		<guid isPermaLink="false">http://voist.diasporachangemakers.net/?p=127</guid>
		<description></description>
		<content:encoded><![CDATA[<iframe width="480" height="360" src="//www.youtube.com/embed/qdtLCfEcPL4" frameborder="0" allowfullscreen></iframe>]]></content:encoded>
		<excerpt:encoded><![CDATA[]]></excerpt:encoded>
		<wp:post_id>127</wp:post_id>
		<wp:post_date>2014-02-21 17:29:52</wp:post_date>
		<wp:post_date_gmt>2014-02-21 17:29:52</wp:post_date_gmt>
		<wp:comment_status>open</wp:comment_status>
		<wp:ping_status>open</wp:ping_status>
		<wp:post_name>ales-neu</wp:post_name>
		<wp:status>publish</wp:status>
		<wp:post_parent>0</wp:post_parent>
		<wp:menu_order>0</wp:menu_order>
		<wp:post_type>post</wp:post_type>
		<wp:post_password></wp:post_password>
		<wp:is_sticky>0</wp:is_sticky>
		<category domain="post_format" nicename="post-format-video"><![CDATA[Video]]></category>
		<category domain="category" nicename="uncategorized"><![CDATA[Uncategorized]]></category>
		<wp:postmeta>
			<wp:meta_key>_wpas_done_all</wp:meta_key>
			<wp:meta_value><![CDATA[1]]></wp:meta_value>
		</wp:postmeta>
		<wp:postmeta>
			<wp:meta_key>_edit_last</wp:meta_key>
			<wp:meta_value><![CDATA[1]]></wp:meta_value>
		</wp:postmeta>
		<wp:postmeta>
			<wp:meta_key>ninja_forms_form</wp:meta_key>
			<wp:meta_value><![CDATA[0]]></wp:meta_value>
		</wp:postmeta>
		<wp:postmeta>
			<wp:meta_key>_thumbnail_id</wp:meta_key>
			<wp:meta_value><![CDATA[144]]></wp:meta_value>
		</wp:postmeta>
		<wp:postmeta>
			<wp:meta_key>_wp_old_slug</wp:meta_key>
			<wp:meta_value><![CDATA[127]]></wp:meta_value>
		</wp:postmeta>
	</item>
</channel>
</rss>
