<?xml version="1.0" encoding="UTF-8" ?>
<!-- This is a WordPress eXtended RSS file generated by WordPress as an export of your site. -->
<!-- It contains information about your site's posts, pages, comments, categories, and other content. -->
<!-- You may use this file to transfer that content from one site to another. -->
<!-- This file is not intended to serve as a complete backup of your site. -->

<!-- To import this information into a WordPress site follow these steps: -->
<!-- 1. Log in to that site as an administrator. -->
<!-- 2. Go to Tools: Import in the WordPress admin panel. -->
<!-- 3. Install the "WordPress" importer from the list. -->
<!-- 4. Activate & Run Importer. -->
<!-- 5. Upload this file using the form provided on that page. -->
<!-- 6. You will first be asked to map the authors in this export file to users -->
<!--    on the site. For each author, you may choose to map to an -->
<!--    existing user on the site or to create a new user. -->
<!-- 7. WordPress will then import each of the posts, pages, comments, categories, etc. -->
<!--    contained in this file into your site. -->

<!-- generator="WordPress/3.9" created="2014-04-27 08:27" -->
<rss version="2.0"
	xmlns:excerpt="http://wordpress.org/export/1.2/excerpt/"
	xmlns:content="http://purl.org/rss/1.0/modules/content/"
	xmlns:wfw="http://wellformedweb.org/CommentAPI/"
	xmlns:dc="http://purl.org/dc/elements/1.1/"
	xmlns:wp="http://wordpress.org/export/1.2/"
>

<channel>
	<title>weAreThePlayMakers</title>
	<link>http://wearetheplaymakers.diasporachangemakers.net</link>
	<description>digitalNoiseProduction</description>
	<pubDate>Sun, 27 Apr 2014 08:27:51 +0000</pubDate>
	<language>en-US</language>
	<wp:wxr_version>1.2</wp:wxr_version>
	<wp:base_site_url>http://diasporachangemakers.net/</wp:base_site_url>
	<wp:base_blog_url>http://wearetheplaymakers.diasporachangemakers.net</wp:base_blog_url>

	<wp:author><wp:author_id>24</wp:author_id><wp:author_login>wearetheplaymakers</wp:author_login><wp:author_email>info@wearetheplaymakers.com</wp:author_email><wp:author_display_name><![CDATA[weAreThePlayMakers]]></wp:author_display_name><wp:author_first_name><![CDATA[]]></wp:author_first_name><wp:author_last_name><![CDATA[]]></wp:author_last_name></wp:author>
	<wp:author><wp:author_id>6</wp:author_id><wp:author_login>hannah</wp:author_login><wp:author_email>hannah@wearetheplaymakers.com</wp:author_email><wp:author_display_name><![CDATA[Hannah]]></wp:author_display_name><wp:author_first_name><![CDATA[Hannah]]></wp:author_first_name><wp:author_last_name><![CDATA[Tucker]]></wp:author_last_name></wp:author>
	<wp:author><wp:author_id>30</wp:author_id><wp:author_login>devteam</wp:author_login><wp:author_email>info@noviceapp.com</wp:author_email><wp:author_display_name><![CDATA[your friendly neighbourhood developer]]></wp:author_display_name><wp:author_first_name><![CDATA[]]></wp:author_first_name><wp:author_last_name><![CDATA[]]></wp:author_last_name></wp:author>
	<wp:author><wp:author_id>14</wp:author_id><wp:author_login>rafszul</wp:author_login><wp:author_email>rafszul@gmail.com</wp:author_email><wp:author_display_name><![CDATA[rafszul]]></wp:author_display_name><wp:author_first_name><![CDATA[rafszul]]></wp:author_first_name><wp:author_last_name><![CDATA[]]></wp:author_last_name></wp:author>

	<wp:category><wp:term_id>1</wp:term_id><wp:category_nicename>uncategorized</wp:category_nicename><wp:category_parent></wp:category_parent><wp:cat_name><![CDATA[Uncategorized]]></wp:cat_name></wp:category>
	<wp:term><wp:term_id>2</wp:term_id><wp:term_taxonomy>nav_menu</wp:term_taxonomy><wp:term_slug>wearetheplaymakers-menu</wp:term_slug><wp:term_name><![CDATA[weAreThePlayMakers Menu]]></wp:term_name></wp:term>

	<generator>http://wordpress.org/?v=3.9</generator>

	<item>
				<title>logo560x161</title>
		<link>http://wearetheplaymakers.diasporachangemakers.net/?attachment_id=11</link>
		<pubDate>Mon, 21 Apr 2014 06:34:06 +0000</pubDate>
		<dc:creator><![CDATA[]]></dc:creator>
		<guid isPermaLink="false">http://wearetheplaymakers.diasporachangemakers.net/wp-content/uploads/sites/19/2014/04/logo560x161.jpg</guid>
		<description></description>
		<content:encoded><![CDATA[]]></content:encoded>
		<excerpt:encoded><![CDATA[]]></excerpt:encoded>
		<wp:post_id>11</wp:post_id>
		<wp:post_date>2014-04-21 06:34:06</wp:post_date>
		<wp:post_date_gmt>2014-04-21 06:34:06</wp:post_date_gmt>
		<wp:comment_status>open</wp:comment_status>
		<wp:ping_status>open</wp:ping_status>
		<wp:post_name>logo560x161</wp:post_name>
		<wp:status>inherit</wp:status>
		<wp:post_parent>0</wp:post_parent>
		<wp:menu_order>0</wp:menu_order>
		<wp:post_type>attachment</wp:post_type>
		<wp:post_password></wp:post_password>
		<wp:is_sticky>0</wp:is_sticky>
		<wp:attachment_url>http://wearetheplaymakers.diasporachangemakers.net/wp-content/uploads/sites/19/2014/04/logo560x161.jpg</wp:attachment_url>
		<wp:postmeta>
			<wp:meta_key>_wp_attached_file</wp:meta_key>
			<wp:meta_value><![CDATA[2014/04/logo560x161.jpg]]></wp:meta_value>
		</wp:postmeta>
		<wp:postmeta>
			<wp:meta_key>_wp_attachment_metadata</wp:meta_key>
			<wp:meta_value><![CDATA[a:5:{s:5:"width";i:560;s:6:"height";i:161;s:4:"file";s:23:"2014/04/logo560x161.jpg";s:5:"sizes";a:2:{s:9:"thumbnail";a:4:{s:4:"file";s:23:"logo560x161-150x150.jpg";s:5:"width";i:150;s:6:"height";i:150;s:9:"mime-type";s:10:"image/jpeg";}s:6:"medium";a:4:{s:4:"file";s:22:"logo560x161-300x86.jpg";s:5:"width";i:300;s:6:"height";i:86;s:9:"mime-type";s:10:"image/jpeg";}}s:10:"image_meta";a:10:{s:8:"aperture";i:0;s:6:"credit";s:0:"";s:6:"camera";s:0:"";s:7:"caption";s:0:"";s:17:"created_timestamp";i:0;s:9:"copyright";s:0:"";s:12:"focal_length";i:0;s:3:"iso";i:0;s:13:"shutter_speed";i:0;s:5:"title";s:0:"";}}]]></wp:meta_value>
		</wp:postmeta>
	</item>
	<item>
				<title>logo560x161</title>
		<link>http://wearetheplaymakers.diasporachangemakers.net/?attachment_id=12</link>
		<pubDate>Mon, 21 Apr 2014 06:34:07 +0000</pubDate>
		<dc:creator><![CDATA[]]></dc:creator>
		<guid isPermaLink="false">http://wearetheplaymakers.diasporachangemakers.net/wp-content/uploads/sites/19/2014/04/logo560x161.png</guid>
		<description></description>
		<content:encoded><![CDATA[]]></content:encoded>
		<excerpt:encoded><![CDATA[]]></excerpt:encoded>
		<wp:post_id>12</wp:post_id>
		<wp:post_date>2014-04-21 06:34:07</wp:post_date>
		<wp:post_date_gmt>2014-04-21 06:34:07</wp:post_date_gmt>
		<wp:comment_status>open</wp:comment_status>
		<wp:ping_status>open</wp:ping_status>
		<wp:post_name>logo560x161-2</wp:post_name>
		<wp:status>inherit</wp:status>
		<wp:post_parent>0</wp:post_parent>
		<wp:menu_order>0</wp:menu_order>
		<wp:post_type>attachment</wp:post_type>
		<wp:post_password></wp:post_password>
		<wp:is_sticky>0</wp:is_sticky>
		<wp:attachment_url>http://wearetheplaymakers.diasporachangemakers.net/wp-content/uploads/sites/19/2014/04/logo560x161.png</wp:attachment_url>
		<wp:postmeta>
			<wp:meta_key>_wp_attached_file</wp:meta_key>
			<wp:meta_value><![CDATA[2014/04/logo560x161.png]]></wp:meta_value>
		</wp:postmeta>
		<wp:postmeta>
			<wp:meta_key>_wp_attachment_metadata</wp:meta_key>
			<wp:meta_value><![CDATA[a:5:{s:5:"width";i:560;s:6:"height";i:161;s:4:"file";s:23:"2014/04/logo560x161.png";s:5:"sizes";a:2:{s:9:"thumbnail";a:4:{s:4:"file";s:23:"logo560x161-150x150.png";s:5:"width";i:150;s:6:"height";i:150;s:9:"mime-type";s:9:"image/png";}s:6:"medium";a:4:{s:4:"file";s:22:"logo560x161-300x86.png";s:5:"width";i:300;s:6:"height";i:86;s:9:"mime-type";s:9:"image/png";}}s:10:"image_meta";a:10:{s:8:"aperture";i:0;s:6:"credit";s:0:"";s:6:"camera";s:0:"";s:7:"caption";s:0:"";s:17:"created_timestamp";i:0;s:9:"copyright";s:0:"";s:12:"focal_length";i:0;s:3:"iso";i:0;s:13:"shutter_speed";i:0;s:5:"title";s:0:"";}}]]></wp:meta_value>
		</wp:postmeta>
	</item>
	<item>
				<title>cropped-logo560x161.png</title>
		<link>http://wearetheplaymakers.diasporachangemakers.net/?attachment_id=13</link>
		<pubDate>Mon, 21 Apr 2014 06:34:20 +0000</pubDate>
		<dc:creator><![CDATA[]]></dc:creator>
		<guid isPermaLink="false">http://wearetheplaymakers.diasporachangemakers.net/wp-content/uploads/sites/19/2014/04/cropped-logo560x161.png</guid>
		<description></description>
		<content:encoded><![CDATA[http://wearetheplaymakers.diasporachangemakers.net/wp-content/uploads/sites/19/2014/04/cropped-logo560x161.png]]></content:encoded>
		<excerpt:encoded><![CDATA[]]></excerpt:encoded>
		<wp:post_id>13</wp:post_id>
		<wp:post_date>2014-04-21 06:34:20</wp:post_date>
		<wp:post_date_gmt>2014-04-21 06:34:20</wp:post_date_gmt>
		<wp:comment_status>open</wp:comment_status>
		<wp:ping_status>open</wp:ping_status>
		<wp:post_name>cropped-logo560x161-png</wp:post_name>
		<wp:status>inherit</wp:status>
		<wp:post_parent>0</wp:post_parent>
		<wp:menu_order>0</wp:menu_order>
		<wp:post_type>attachment</wp:post_type>
		<wp:post_password></wp:post_password>
		<wp:is_sticky>0</wp:is_sticky>
		<wp:attachment_url>http://wearetheplaymakers.diasporachangemakers.net/wp-content/uploads/sites/19/2014/04/cropped-logo560x161.png</wp:attachment_url>
		<wp:postmeta>
			<wp:meta_key>_wp_attached_file</wp:meta_key>
			<wp:meta_value><![CDATA[2014/04/cropped-logo560x161.png]]></wp:meta_value>
		</wp:postmeta>
		<wp:postmeta>
			<wp:meta_key>_wp_attachment_context</wp:meta_key>
			<wp:meta_value><![CDATA[custom-header]]></wp:meta_value>
		</wp:postmeta>
		<wp:postmeta>
			<wp:meta_key>_wp_attachment_metadata</wp:meta_key>
			<wp:meta_value><![CDATA[a:5:{s:5:"width";i:560;s:6:"height";i:161;s:4:"file";s:31:"2014/04/cropped-logo560x161.png";s:5:"sizes";a:2:{s:9:"thumbnail";a:4:{s:4:"file";s:31:"cropped-logo560x161-150x150.png";s:5:"width";i:150;s:6:"height";i:150;s:9:"mime-type";s:9:"image/png";}s:6:"medium";a:4:{s:4:"file";s:30:"cropped-logo560x161-300x86.png";s:5:"width";i:300;s:6:"height";i:86;s:9:"mime-type";s:9:"image/png";}}s:10:"image_meta";a:10:{s:8:"aperture";i:0;s:6:"credit";s:0:"";s:6:"camera";s:0:"";s:7:"caption";s:0:"";s:17:"created_timestamp";i:0;s:9:"copyright";s:0:"";s:12:"focal_length";i:0;s:3:"iso";i:0;s:13:"shutter_speed";i:0;s:5:"title";s:0:"";}}]]></wp:meta_value>
		</wp:postmeta>
	</item>
	<item>
				<title>cropped-logo560x1611.png</title>
		<link>http://wearetheplaymakers.diasporachangemakers.net/?attachment_id=14</link>
		<pubDate>Mon, 21 Apr 2014 06:34:52 +0000</pubDate>
		<dc:creator><![CDATA[]]></dc:creator>
		<guid isPermaLink="false">http://wearetheplaymakers.diasporachangemakers.net/wp-content/uploads/sites/19/2014/04/cropped-logo560x1611.png</guid>
		<description></description>
		<content:encoded><![CDATA[http://wearetheplaymakers.diasporachangemakers.net/wp-content/uploads/sites/19/2014/04/cropped-logo560x1611.png]]></content:encoded>
		<excerpt:encoded><![CDATA[]]></excerpt:encoded>
		<wp:post_id>14</wp:post_id>
		<wp:post_date>2014-04-21 06:34:52</wp:post_date>
		<wp:post_date_gmt>2014-04-21 06:34:52</wp:post_date_gmt>
		<wp:comment_status>open</wp:comment_status>
		<wp:ping_status>open</wp:ping_status>
		<wp:post_name>cropped-logo560x1611-png</wp:post_name>
		<wp:status>inherit</wp:status>
		<wp:post_parent>0</wp:post_parent>
		<wp:menu_order>0</wp:menu_order>
		<wp:post_type>attachment</wp:post_type>
		<wp:post_password></wp:post_password>
		<wp:is_sticky>0</wp:is_sticky>
		<wp:attachment_url>http://wearetheplaymakers.diasporachangemakers.net/wp-content/uploads/sites/19/2014/04/cropped-logo560x1611.png</wp:attachment_url>
		<wp:postmeta>
			<wp:meta_key>_wp_attachment_context</wp:meta_key>
			<wp:meta_value><![CDATA[custom-header]]></wp:meta_value>
		</wp:postmeta>
		<wp:postmeta>
			<wp:meta_key>_wp_attached_file</wp:meta_key>
			<wp:meta_value><![CDATA[2014/04/cropped-logo560x1611.png]]></wp:meta_value>
		</wp:postmeta>
		<wp:postmeta>
			<wp:meta_key>_wp_attachment_metadata</wp:meta_key>
			<wp:meta_value><![CDATA[a:5:{s:5:"width";i:560;s:6:"height";i:161;s:4:"file";s:32:"2014/04/cropped-logo560x1611.png";s:5:"sizes";a:2:{s:9:"thumbnail";a:4:{s:4:"file";s:32:"cropped-logo560x1611-150x150.png";s:5:"width";i:150;s:6:"height";i:150;s:9:"mime-type";s:9:"image/png";}s:6:"medium";a:4:{s:4:"file";s:31:"cropped-logo560x1611-300x86.png";s:5:"width";i:300;s:6:"height";i:86;s:9:"mime-type";s:9:"image/png";}}s:10:"image_meta";a:10:{s:8:"aperture";i:0;s:6:"credit";s:0:"";s:6:"camera";s:0:"";s:7:"caption";s:0:"";s:17:"created_timestamp";i:0;s:9:"copyright";s:0:"";s:12:"focal_length";i:0;s:3:"iso";i:0;s:13:"shutter_speed";i:0;s:5:"title";s:0:"";}}]]></wp:meta_value>
		</wp:postmeta>
		<wp:postmeta>
			<wp:meta_key>_wp_attachment_custom_header_last_used_decode</wp:meta_key>
			<wp:meta_value><![CDATA[1398062104]]></wp:meta_value>
		</wp:postmeta>
		<wp:postmeta>
			<wp:meta_key>_wp_attachment_is_custom_header</wp:meta_key>
			<wp:meta_value><![CDATA[decode]]></wp:meta_value>
		</wp:postmeta>
	</item>
	<item>
				<title>diasporaChangemakersLogo002-1-1</title>
		<link>http://wearetheplaymakers.diasporachangemakers.net/?attachment_id=24</link>
		<pubDate>Mon, 21 Apr 2014 07:13:26 +0000</pubDate>
		<dc:creator><![CDATA[]]></dc:creator>
		<guid isPermaLink="false">http://wearetheplaymakers.diasporachangemakers.net/wp-content/uploads/sites/19/2014/04/diasporaChangemakersLogo002-1-1.png</guid>
		<description></description>
		<content:encoded><![CDATA[]]></content:encoded>
		<excerpt:encoded><![CDATA[]]></excerpt:encoded>
		<wp:post_id>24</wp:post_id>
		<wp:post_date>2014-04-21 07:13:26</wp:post_date>
		<wp:post_date_gmt>2014-04-21 07:13:26</wp:post_date_gmt>
		<wp:comment_status>open</wp:comment_status>
		<wp:ping_status>open</wp:ping_status>
		<wp:post_name>diasporachangemakerslogo002-1-1</wp:post_name>
		<wp:status>inherit</wp:status>
		<wp:post_parent>0</wp:post_parent>
		<wp:menu_order>0</wp:menu_order>
		<wp:post_type>attachment</wp:post_type>
		<wp:post_password></wp:post_password>
		<wp:is_sticky>0</wp:is_sticky>
		<wp:attachment_url>http://wearetheplaymakers.diasporachangemakers.net/wp-content/uploads/sites/19/2014/04/diasporaChangemakersLogo002-1-1.png</wp:attachment_url>
		<wp:postmeta>
			<wp:meta_key>_wp_attachment_metadata</wp:meta_key>
			<wp:meta_value><![CDATA[a:5:{s:5:"width";i:582;s:6:"height";i:583;s:4:"file";s:43:"2014/04/diasporaChangemakersLogo002-1-1.png";s:5:"sizes";a:2:{s:9:"thumbnail";a:4:{s:4:"file";s:43:"diasporaChangemakersLogo002-1-1-150x150.png";s:5:"width";i:150;s:6:"height";i:150;s:9:"mime-type";s:9:"image/png";}s:6:"medium";a:4:{s:4:"file";s:43:"diasporaChangemakersLogo002-1-1-300x300.png";s:5:"width";i:300;s:6:"height";i:300;s:9:"mime-type";s:9:"image/png";}}s:10:"image_meta";a:10:{s:8:"aperture";i:0;s:6:"credit";s:0:"";s:6:"camera";s:0:"";s:7:"caption";s:0:"";s:17:"created_timestamp";i:0;s:9:"copyright";s:0:"";s:12:"focal_length";i:0;s:3:"iso";i:0;s:13:"shutter_speed";i:0;s:5:"title";s:0:"";}}]]></wp:meta_value>
		</wp:postmeta>
		<wp:postmeta>
			<wp:meta_key>_wp_attached_file</wp:meta_key>
			<wp:meta_value><![CDATA[2014/04/diasporaChangemakersLogo002-1-1.png]]></wp:meta_value>
		</wp:postmeta>
	</item>
	<item>
				<title>diasporaChangemakersLogo002-1-2</title>
		<link>http://wearetheplaymakers.diasporachangemakers.net/?attachment_id=25</link>
		<pubDate>Mon, 21 Apr 2014 07:13:29 +0000</pubDate>
		<dc:creator><![CDATA[]]></dc:creator>
		<guid isPermaLink="false">http://wearetheplaymakers.diasporachangemakers.net/wp-content/uploads/sites/19/2014/04/diasporaChangemakersLogo002-1-2.png</guid>
		<description></description>
		<content:encoded><![CDATA[]]></content:encoded>
		<excerpt:encoded><![CDATA[]]></excerpt:encoded>
		<wp:post_id>25</wp:post_id>
		<wp:post_date>2014-04-21 07:13:29</wp:post_date>
		<wp:post_date_gmt>2014-04-21 07:13:29</wp:post_date_gmt>
		<wp:comment_status>open</wp:comment_status>
		<wp:ping_status>open</wp:ping_status>
		<wp:post_name>diasporachangemakerslogo002-1-2</wp:post_name>
		<wp:status>inherit</wp:status>
		<wp:post_parent>0</wp:post_parent>
		<wp:menu_order>0</wp:menu_order>
		<wp:post_type>attachment</wp:post_type>
		<wp:post_password></wp:post_password>
		<wp:is_sticky>0</wp:is_sticky>
		<wp:attachment_url>http://wearetheplaymakers.diasporachangemakers.net/wp-content/uploads/sites/19/2014/04/diasporaChangemakersLogo002-1-2.png</wp:attachment_url>
		<wp:postmeta>
			<wp:meta_key>_wp_attached_file</wp:meta_key>
			<wp:meta_value><![CDATA[2014/04/diasporaChangemakersLogo002-1-2.png]]></wp:meta_value>
		</wp:postmeta>
		<wp:postmeta>
			<wp:meta_key>_wp_attachment_metadata</wp:meta_key>
			<wp:meta_value><![CDATA[a:5:{s:5:"width";i:582;s:6:"height";i:583;s:4:"file";s:43:"2014/04/diasporaChangemakersLogo002-1-2.png";s:5:"sizes";a:2:{s:9:"thumbnail";a:4:{s:4:"file";s:43:"diasporaChangemakersLogo002-1-2-150x150.png";s:5:"width";i:150;s:6:"height";i:150;s:9:"mime-type";s:9:"image/png";}s:6:"medium";a:4:{s:4:"file";s:43:"diasporaChangemakersLogo002-1-2-300x300.png";s:5:"width";i:300;s:6:"height";i:300;s:9:"mime-type";s:9:"image/png";}}s:10:"image_meta";a:10:{s:8:"aperture";i:0;s:6:"credit";s:0:"";s:6:"camera";s:0:"";s:7:"caption";s:0:"";s:17:"created_timestamp";i:0;s:9:"copyright";s:0:"";s:12:"focal_length";i:0;s:3:"iso";i:0;s:13:"shutter_speed";i:0;s:5:"title";s:0:"";}}]]></wp:meta_value>
		</wp:postmeta>
	</item>
	<item>
				<title>cropped-logo430x161.png</title>
		<link>http://wearetheplaymakers.diasporachangemakers.net/?attachment_id=16</link>
		<pubDate>Mon, 21 Apr 2014 06:59:40 +0000</pubDate>
		<dc:creator><![CDATA[]]></dc:creator>
		<guid isPermaLink="false">http://wearetheplaymakers.diasporachangemakers.net/wp-content/uploads/sites/19/2014/04/cropped-logo430x161.png</guid>
		<description></description>
		<content:encoded><![CDATA[http://wearetheplaymakers.diasporachangemakers.net/wp-content/uploads/sites/19/2014/04/cropped-logo430x161.png]]></content:encoded>
		<excerpt:encoded><![CDATA[]]></excerpt:encoded>
		<wp:post_id>16</wp:post_id>
		<wp:post_date>2014-04-21 06:59:40</wp:post_date>
		<wp:post_date_gmt>2014-04-21 06:59:40</wp:post_date_gmt>
		<wp:comment_status>closed</wp:comment_status>
		<wp:ping_status>open</wp:ping_status>
		<wp:post_name>cropped-logo430x161-png</wp:post_name>
		<wp:status>inherit</wp:status>
		<wp:post_parent>0</wp:post_parent>
		<wp:menu_order>0</wp:menu_order>
		<wp:post_type>attachment</wp:post_type>
		<wp:post_password></wp:post_password>
		<wp:is_sticky>0</wp:is_sticky>
		<wp:attachment_url>http://wearetheplaymakers.diasporachangemakers.net/wp-content/uploads/sites/19/2014/04/cropped-logo430x161.png</wp:attachment_url>
		<wp:postmeta>
			<wp:meta_key>_wp_attached_file</wp:meta_key>
			<wp:meta_value><![CDATA[2014/04/cropped-logo430x161.png]]></wp:meta_value>
		</wp:postmeta>
		<wp:postmeta>
			<wp:meta_key>_wp_attachment_context</wp:meta_key>
			<wp:meta_value><![CDATA[custom-header]]></wp:meta_value>
		</wp:postmeta>
		<wp:postmeta>
			<wp:meta_key>_wp_attachment_metadata</wp:meta_key>
			<wp:meta_value><![CDATA[a:5:{s:5:"width";i:430;s:6:"height";i:161;s:4:"file";s:31:"2014/04/cropped-logo430x161.png";s:5:"sizes";a:2:{s:9:"thumbnail";a:4:{s:4:"file";s:31:"cropped-logo430x161-150x150.png";s:5:"width";i:150;s:6:"height";i:150;s:9:"mime-type";s:9:"image/png";}s:6:"medium";a:4:{s:4:"file";s:31:"cropped-logo430x161-300x112.png";s:5:"width";i:300;s:6:"height";i:112;s:9:"mime-type";s:9:"image/png";}}s:10:"image_meta";a:10:{s:8:"aperture";i:0;s:6:"credit";s:0:"";s:6:"camera";s:0:"";s:7:"caption";s:0:"";s:17:"created_timestamp";i:0;s:9:"copyright";s:0:"";s:12:"focal_length";i:0;s:3:"iso";i:0;s:13:"shutter_speed";i:0;s:5:"title";s:0:"";}}]]></wp:meta_value>
		</wp:postmeta>
		<wp:postmeta>
			<wp:meta_key>_wp_attachment_is_custom_header</wp:meta_key>
			<wp:meta_value><![CDATA[decode]]></wp:meta_value>
		</wp:postmeta>
		<wp:postmeta>
			<wp:meta_key>_wp_attachment_custom_header_last_used_decode</wp:meta_key>
			<wp:meta_value><![CDATA[1398550265]]></wp:meta_value>
		</wp:postmeta>
	</item>
	<item>
				<title>diasporaChangemakersLogo002-1-4</title>
		<link>http://wearetheplaymakers.diasporachangemakers.net/?attachment_id=26</link>
		<pubDate>Mon, 21 Apr 2014 07:13:32 +0000</pubDate>
		<dc:creator><![CDATA[]]></dc:creator>
		<guid isPermaLink="false">http://wearetheplaymakers.diasporachangemakers.net/wp-content/uploads/sites/19/2014/04/diasporaChangemakersLogo002-1-4.png</guid>
		<description></description>
		<content:encoded><![CDATA[]]></content:encoded>
		<excerpt:encoded><![CDATA[]]></excerpt:encoded>
		<wp:post_id>26</wp:post_id>
		<wp:post_date>2014-04-21 07:13:32</wp:post_date>
		<wp:post_date_gmt>2014-04-21 07:13:32</wp:post_date_gmt>
		<wp:comment_status>open</wp:comment_status>
		<wp:ping_status>open</wp:ping_status>
		<wp:post_name>diasporachangemakerslogo002-1-4</wp:post_name>
		<wp:status>inherit</wp:status>
		<wp:post_parent>0</wp:post_parent>
		<wp:menu_order>0</wp:menu_order>
		<wp:post_type>attachment</wp:post_type>
		<wp:post_password></wp:post_password>
		<wp:is_sticky>0</wp:is_sticky>
		<wp:attachment_url>http://wearetheplaymakers.diasporachangemakers.net/wp-content/uploads/sites/19/2014/04/diasporaChangemakersLogo002-1-4.png</wp:attachment_url>
		<wp:postmeta>
			<wp:meta_key>_wp_attached_file</wp:meta_key>
			<wp:meta_value><![CDATA[2014/04/diasporaChangemakersLogo002-1-4.png]]></wp:meta_value>
		</wp:postmeta>
		<wp:postmeta>
			<wp:meta_key>_wp_attachment_metadata</wp:meta_key>
			<wp:meta_value><![CDATA[a:5:{s:5:"width";i:582;s:6:"height";i:583;s:4:"file";s:43:"2014/04/diasporaChangemakersLogo002-1-4.png";s:5:"sizes";a:2:{s:9:"thumbnail";a:4:{s:4:"file";s:43:"diasporaChangemakersLogo002-1-4-150x150.png";s:5:"width";i:150;s:6:"height";i:150;s:9:"mime-type";s:9:"image/png";}s:6:"medium";a:4:{s:4:"file";s:43:"diasporaChangemakersLogo002-1-4-300x300.png";s:5:"width";i:300;s:6:"height";i:300;s:9:"mime-type";s:9:"image/png";}}s:10:"image_meta";a:10:{s:8:"aperture";i:0;s:6:"credit";s:0:"";s:6:"camera";s:0:"";s:7:"caption";s:0:"";s:17:"created_timestamp";i:0;s:9:"copyright";s:0:"";s:12:"focal_length";i:0;s:3:"iso";i:0;s:13:"shutter_speed";i:0;s:5:"title";s:0:"";}}]]></wp:meta_value>
		</wp:postmeta>
	</item>
	<item>
				<title>diasporaChangemakersLogo002-1-5</title>
		<link>http://wearetheplaymakers.diasporachangemakers.net/?attachment_id=27</link>
		<pubDate>Mon, 21 Apr 2014 07:13:34 +0000</pubDate>
		<dc:creator><![CDATA[]]></dc:creator>
		<guid isPermaLink="false">http://wearetheplaymakers.diasporachangemakers.net/wp-content/uploads/sites/19/2014/04/diasporaChangemakersLogo002-1-5.png</guid>
		<description></description>
		<content:encoded><![CDATA[]]></content:encoded>
		<excerpt:encoded><![CDATA[]]></excerpt:encoded>
		<wp:post_id>27</wp:post_id>
		<wp:post_date>2014-04-21 07:13:34</wp:post_date>
		<wp:post_date_gmt>2014-04-21 07:13:34</wp:post_date_gmt>
		<wp:comment_status>open</wp:comment_status>
		<wp:ping_status>open</wp:ping_status>
		<wp:post_name>diasporachangemakerslogo002-1-5</wp:post_name>
		<wp:status>inherit</wp:status>
		<wp:post_parent>0</wp:post_parent>
		<wp:menu_order>0</wp:menu_order>
		<wp:post_type>attachment</wp:post_type>
		<wp:post_password></wp:post_password>
		<wp:is_sticky>0</wp:is_sticky>
		<wp:attachment_url>http://wearetheplaymakers.diasporachangemakers.net/wp-content/uploads/sites/19/2014/04/diasporaChangemakersLogo002-1-5.png</wp:attachment_url>
		<wp:postmeta>
			<wp:meta_key>_wp_attached_file</wp:meta_key>
			<wp:meta_value><![CDATA[2014/04/diasporaChangemakersLogo002-1-5.png]]></wp:meta_value>
		</wp:postmeta>
		<wp:postmeta>
			<wp:meta_key>_wp_attachment_metadata</wp:meta_key>
			<wp:meta_value><![CDATA[a:5:{s:5:"width";i:582;s:6:"height";i:583;s:4:"file";s:43:"2014/04/diasporaChangemakersLogo002-1-5.png";s:5:"sizes";a:2:{s:9:"thumbnail";a:4:{s:4:"file";s:43:"diasporaChangemakersLogo002-1-5-150x150.png";s:5:"width";i:150;s:6:"height";i:150;s:9:"mime-type";s:9:"image/png";}s:6:"medium";a:4:{s:4:"file";s:43:"diasporaChangemakersLogo002-1-5-300x300.png";s:5:"width";i:300;s:6:"height";i:300;s:9:"mime-type";s:9:"image/png";}}s:10:"image_meta";a:10:{s:8:"aperture";i:0;s:6:"credit";s:0:"";s:6:"camera";s:0:"";s:7:"caption";s:0:"";s:17:"created_timestamp";i:0;s:9:"copyright";s:0:"";s:12:"focal_length";i:0;s:3:"iso";i:0;s:13:"shutter_speed";i:0;s:5:"title";s:0:"";}}]]></wp:meta_value>
		</wp:postmeta>
	</item>
	<item>
				<title>diasporaChangemakersLogo002-1-6</title>
		<link>http://wearetheplaymakers.diasporachangemakers.net/?attachment_id=28</link>
		<pubDate>Mon, 21 Apr 2014 07:13:38 +0000</pubDate>
		<dc:creator><![CDATA[]]></dc:creator>
		<guid isPermaLink="false">http://wearetheplaymakers.diasporachangemakers.net/wp-content/uploads/sites/19/2014/04/diasporaChangemakersLogo002-1-6.png</guid>
		<description></description>
		<content:encoded><![CDATA[]]></content:encoded>
		<excerpt:encoded><![CDATA[]]></excerpt:encoded>
		<wp:post_id>28</wp:post_id>
		<wp:post_date>2014-04-21 07:13:38</wp:post_date>
		<wp:post_date_gmt>2014-04-21 07:13:38</wp:post_date_gmt>
		<wp:comment_status>open</wp:comment_status>
		<wp:ping_status>open</wp:ping_status>
		<wp:post_name>diasporachangemakerslogo002-1-6</wp:post_name>
		<wp:status>inherit</wp:status>
		<wp:post_parent>0</wp:post_parent>
		<wp:menu_order>0</wp:menu_order>
		<wp:post_type>attachment</wp:post_type>
		<wp:post_password></wp:post_password>
		<wp:is_sticky>0</wp:is_sticky>
		<wp:attachment_url>http://wearetheplaymakers.diasporachangemakers.net/wp-content/uploads/sites/19/2014/04/diasporaChangemakersLogo002-1-6.png</wp:attachment_url>
		<wp:postmeta>
			<wp:meta_key>_wp_attached_file</wp:meta_key>
			<wp:meta_value><![CDATA[2014/04/diasporaChangemakersLogo002-1-6.png]]></wp:meta_value>
		</wp:postmeta>
		<wp:postmeta>
			<wp:meta_key>_wp_attachment_metadata</wp:meta_key>
			<wp:meta_value><![CDATA[a:5:{s:5:"width";i:582;s:6:"height";i:583;s:4:"file";s:43:"2014/04/diasporaChangemakersLogo002-1-6.png";s:5:"sizes";a:2:{s:9:"thumbnail";a:4:{s:4:"file";s:43:"diasporaChangemakersLogo002-1-6-150x150.png";s:5:"width";i:150;s:6:"height";i:150;s:9:"mime-type";s:9:"image/png";}s:6:"medium";a:4:{s:4:"file";s:43:"diasporaChangemakersLogo002-1-6-300x300.png";s:5:"width";i:300;s:6:"height";i:300;s:9:"mime-type";s:9:"image/png";}}s:10:"image_meta";a:10:{s:8:"aperture";i:0;s:6:"credit";s:0:"";s:6:"camera";s:0:"";s:7:"caption";s:0:"";s:17:"created_timestamp";i:0;s:9:"copyright";s:0:"";s:12:"focal_length";i:0;s:3:"iso";i:0;s:13:"shutter_speed";i:0;s:5:"title";s:0:"";}}]]></wp:meta_value>
		</wp:postmeta>
	</item>
	<item>
				<title>diasporaChangemakersLogo002-1-7</title>
		<link>http://wearetheplaymakers.diasporachangemakers.net/?attachment_id=29</link>
		<pubDate>Mon, 21 Apr 2014 07:13:41 +0000</pubDate>
		<dc:creator><![CDATA[]]></dc:creator>
		<guid isPermaLink="false">http://wearetheplaymakers.diasporachangemakers.net/wp-content/uploads/sites/19/2014/04/diasporaChangemakersLogo002-1-7.png</guid>
		<description></description>
		<content:encoded><![CDATA[]]></content:encoded>
		<excerpt:encoded><![CDATA[]]></excerpt:encoded>
		<wp:post_id>29</wp:post_id>
		<wp:post_date>2014-04-21 07:13:41</wp:post_date>
		<wp:post_date_gmt>2014-04-21 07:13:41</wp:post_date_gmt>
		<wp:comment_status>open</wp:comment_status>
		<wp:ping_status>open</wp:ping_status>
		<wp:post_name>diasporachangemakerslogo002-1-7</wp:post_name>
		<wp:status>inherit</wp:status>
		<wp:post_parent>0</wp:post_parent>
		<wp:menu_order>0</wp:menu_order>
		<wp:post_type>attachment</wp:post_type>
		<wp:post_password></wp:post_password>
		<wp:is_sticky>0</wp:is_sticky>
		<wp:attachment_url>http://wearetheplaymakers.diasporachangemakers.net/wp-content/uploads/sites/19/2014/04/diasporaChangemakersLogo002-1-7.png</wp:attachment_url>
		<wp:postmeta>
			<wp:meta_key>_wp_attached_file</wp:meta_key>
			<wp:meta_value><![CDATA[2014/04/diasporaChangemakersLogo002-1-7.png]]></wp:meta_value>
		</wp:postmeta>
		<wp:postmeta>
			<wp:meta_key>_wp_attachment_metadata</wp:meta_key>
			<wp:meta_value><![CDATA[a:5:{s:5:"width";i:582;s:6:"height";i:583;s:4:"file";s:43:"2014/04/diasporaChangemakersLogo002-1-7.png";s:5:"sizes";a:2:{s:9:"thumbnail";a:4:{s:4:"file";s:43:"diasporaChangemakersLogo002-1-7-150x150.png";s:5:"width";i:150;s:6:"height";i:150;s:9:"mime-type";s:9:"image/png";}s:6:"medium";a:4:{s:4:"file";s:43:"diasporaChangemakersLogo002-1-7-300x300.png";s:5:"width";i:300;s:6:"height";i:300;s:9:"mime-type";s:9:"image/png";}}s:10:"image_meta";a:10:{s:8:"aperture";i:0;s:6:"credit";s:0:"";s:6:"camera";s:0:"";s:7:"caption";s:0:"";s:17:"created_timestamp";i:0;s:9:"copyright";s:0:"";s:12:"focal_length";i:0;s:3:"iso";i:0;s:13:"shutter_speed";i:0;s:5:"title";s:0:"";}}]]></wp:meta_value>
		</wp:postmeta>
	</item>
	<item>
				<title>rsaLogo</title>
		<link>http://wearetheplaymakers.diasporachangemakers.net/?attachment_id=30</link>
		<pubDate>Mon, 21 Apr 2014 07:13:44 +0000</pubDate>
		<dc:creator><![CDATA[]]></dc:creator>
		<guid isPermaLink="false">http://wearetheplaymakers.diasporachangemakers.net/wp-content/uploads/sites/19/2014/04/rsaLogo.png</guid>
		<description></description>
		<content:encoded><![CDATA[]]></content:encoded>
		<excerpt:encoded><![CDATA[]]></excerpt:encoded>
		<wp:post_id>30</wp:post_id>
		<wp:post_date>2014-04-21 07:13:44</wp:post_date>
		<wp:post_date_gmt>2014-04-21 07:13:44</wp:post_date_gmt>
		<wp:comment_status>open</wp:comment_status>
		<wp:ping_status>open</wp:ping_status>
		<wp:post_name>rsalogo</wp:post_name>
		<wp:status>inherit</wp:status>
		<wp:post_parent>0</wp:post_parent>
		<wp:menu_order>0</wp:menu_order>
		<wp:post_type>attachment</wp:post_type>
		<wp:post_password></wp:post_password>
		<wp:is_sticky>0</wp:is_sticky>
		<wp:attachment_url>http://wearetheplaymakers.diasporachangemakers.net/wp-content/uploads/sites/19/2014/04/rsaLogo.png</wp:attachment_url>
		<wp:postmeta>
			<wp:meta_key>_wp_attached_file</wp:meta_key>
			<wp:meta_value><![CDATA[2014/04/rsaLogo.png]]></wp:meta_value>
		</wp:postmeta>
		<wp:postmeta>
			<wp:meta_key>_wp_attachment_metadata</wp:meta_key>
			<wp:meta_value><![CDATA[a:5:{s:5:"width";i:582;s:6:"height";i:583;s:4:"file";s:19:"2014/04/rsaLogo.png";s:5:"sizes";a:2:{s:9:"thumbnail";a:4:{s:4:"file";s:19:"rsaLogo-150x150.png";s:5:"width";i:150;s:6:"height";i:150;s:9:"mime-type";s:9:"image/png";}s:6:"medium";a:4:{s:4:"file";s:19:"rsaLogo-300x300.png";s:5:"width";i:300;s:6:"height";i:300;s:9:"mime-type";s:9:"image/png";}}s:10:"image_meta";a:10:{s:8:"aperture";i:0;s:6:"credit";s:0:"";s:6:"camera";s:0:"";s:7:"caption";s:0:"";s:17:"created_timestamp";i:0;s:9:"copyright";s:0:"";s:12:"focal_length";i:0;s:3:"iso";i:0;s:13:"shutter_speed";i:0;s:5:"title";s:0:"";}}]]></wp:meta_value>
		</wp:postmeta>
	</item>
	<item>
				<title>weAreThePlayMakersLogo</title>
		<link>http://wearetheplaymakers.diasporachangemakers.net/?attachment_id=31</link>
		<pubDate>Mon, 21 Apr 2014 07:13:46 +0000</pubDate>
		<dc:creator><![CDATA[]]></dc:creator>
		<guid isPermaLink="false">http://wearetheplaymakers.diasporachangemakers.net/wp-content/uploads/sites/19/2014/04/weAreThePlayMakersLogo.png</guid>
		<description></description>
		<content:encoded><![CDATA[]]></content:encoded>
		<excerpt:encoded><![CDATA[]]></excerpt:encoded>
		<wp:post_id>31</wp:post_id>
		<wp:post_date>2014-04-21 07:13:46</wp:post_date>
		<wp:post_date_gmt>2014-04-21 07:13:46</wp:post_date_gmt>
		<wp:comment_status>open</wp:comment_status>
		<wp:ping_status>open</wp:ping_status>
		<wp:post_name>wearetheplaymakerslogo</wp:post_name>
		<wp:status>inherit</wp:status>
		<wp:post_parent>0</wp:post_parent>
		<wp:menu_order>0</wp:menu_order>
		<wp:post_type>attachment</wp:post_type>
		<wp:post_password></wp:post_password>
		<wp:is_sticky>0</wp:is_sticky>
		<wp:attachment_url>http://wearetheplaymakers.diasporachangemakers.net/wp-content/uploads/sites/19/2014/04/weAreThePlayMakersLogo.png</wp:attachment_url>
		<wp:postmeta>
			<wp:meta_key>_wp_attachment_metadata</wp:meta_key>
			<wp:meta_value><![CDATA[a:5:{s:5:"width";i:582;s:6:"height";i:583;s:4:"file";s:34:"2014/04/weAreThePlayMakersLogo.png";s:5:"sizes";a:2:{s:9:"thumbnail";a:4:{s:4:"file";s:34:"weAreThePlayMakersLogo-150x150.png";s:5:"width";i:150;s:6:"height";i:150;s:9:"mime-type";s:9:"image/png";}s:6:"medium";a:4:{s:4:"file";s:34:"weAreThePlayMakersLogo-300x300.png";s:5:"width";i:300;s:6:"height";i:300;s:9:"mime-type";s:9:"image/png";}}s:10:"image_meta";a:10:{s:8:"aperture";i:0;s:6:"credit";s:0:"";s:6:"camera";s:0:"";s:7:"caption";s:0:"";s:17:"created_timestamp";i:0;s:9:"copyright";s:0:"";s:12:"focal_length";i:0;s:3:"iso";i:0;s:13:"shutter_speed";i:0;s:5:"title";s:0:"";}}]]></wp:meta_value>
		</wp:postmeta>
		<wp:postmeta>
			<wp:meta_key>_wp_attached_file</wp:meta_key>
			<wp:meta_value><![CDATA[2014/04/weAreThePlayMakersLogo.png]]></wp:meta_value>
		</wp:postmeta>
	</item>
	<item>
				<title>diasporaChangemakersLogo002-1-1</title>
		<link>http://wearetheplaymakers.diasporachangemakers.net/?attachment_id=32</link>
		<pubDate>Mon, 21 Apr 2014 07:20:44 +0000</pubDate>
		<dc:creator><![CDATA[]]></dc:creator>
		<guid isPermaLink="false">http://wearetheplaymakers.diasporachangemakers.net/wp-content/uploads/sites/19/2014/04/diasporaChangemakersLogo002-1-11.png</guid>
		<description></description>
		<content:encoded><![CDATA[]]></content:encoded>
		<excerpt:encoded><![CDATA[]]></excerpt:encoded>
		<wp:post_id>32</wp:post_id>
		<wp:post_date>2014-04-21 07:20:44</wp:post_date>
		<wp:post_date_gmt>2014-04-21 07:20:44</wp:post_date_gmt>
		<wp:comment_status>open</wp:comment_status>
		<wp:ping_status>open</wp:ping_status>
		<wp:post_name>diasporachangemakerslogo002-1-1-2</wp:post_name>
		<wp:status>inherit</wp:status>
		<wp:post_parent>0</wp:post_parent>
		<wp:menu_order>0</wp:menu_order>
		<wp:post_type>attachment</wp:post_type>
		<wp:post_password></wp:post_password>
		<wp:is_sticky>0</wp:is_sticky>
		<wp:attachment_url>http://wearetheplaymakers.diasporachangemakers.net/wp-content/uploads/sites/19/2014/04/diasporaChangemakersLogo002-1-11.png</wp:attachment_url>
		<wp:postmeta>
			<wp:meta_key>_wp_attached_file</wp:meta_key>
			<wp:meta_value><![CDATA[2014/04/diasporaChangemakersLogo002-1-11.png]]></wp:meta_value>
		</wp:postmeta>
		<wp:postmeta>
			<wp:meta_key>_wp_attachment_metadata</wp:meta_key>
			<wp:meta_value><![CDATA[a:5:{s:5:"width";i:721;s:6:"height";i:800;s:4:"file";s:44:"2014/04/diasporaChangemakersLogo002-1-11.png";s:5:"sizes";a:2:{s:9:"thumbnail";a:4:{s:4:"file";s:44:"diasporaChangemakersLogo002-1-11-150x150.png";s:5:"width";i:150;s:6:"height";i:150;s:9:"mime-type";s:9:"image/png";}s:6:"medium";a:4:{s:4:"file";s:44:"diasporaChangemakersLogo002-1-11-270x300.png";s:5:"width";i:270;s:6:"height";i:300;s:9:"mime-type";s:9:"image/png";}}s:10:"image_meta";a:10:{s:8:"aperture";i:0;s:6:"credit";s:0:"";s:6:"camera";s:0:"";s:7:"caption";s:0:"";s:17:"created_timestamp";i:0;s:9:"copyright";s:0:"";s:12:"focal_length";i:0;s:3:"iso";i:0;s:13:"shutter_speed";i:0;s:5:"title";s:0:"";}}]]></wp:meta_value>
		</wp:postmeta>
	</item>
	<item>
				<title>diasporaChangemakersLogo002-1-2</title>
		<link>http://wearetheplaymakers.diasporachangemakers.net/?attachment_id=33</link>
		<pubDate>Mon, 21 Apr 2014 07:20:46 +0000</pubDate>
		<dc:creator><![CDATA[]]></dc:creator>
		<guid isPermaLink="false">http://wearetheplaymakers.diasporachangemakers.net/wp-content/uploads/sites/19/2014/04/diasporaChangemakersLogo002-1-21.png</guid>
		<description></description>
		<content:encoded><![CDATA[]]></content:encoded>
		<excerpt:encoded><![CDATA[]]></excerpt:encoded>
		<wp:post_id>33</wp:post_id>
		<wp:post_date>2014-04-21 07:20:46</wp:post_date>
		<wp:post_date_gmt>2014-04-21 07:20:46</wp:post_date_gmt>
		<wp:comment_status>open</wp:comment_status>
		<wp:ping_status>open</wp:ping_status>
		<wp:post_name>diasporachangemakerslogo002-1-2-2</wp:post_name>
		<wp:status>inherit</wp:status>
		<wp:post_parent>0</wp:post_parent>
		<wp:menu_order>0</wp:menu_order>
		<wp:post_type>attachment</wp:post_type>
		<wp:post_password></wp:post_password>
		<wp:is_sticky>0</wp:is_sticky>
		<wp:attachment_url>http://wearetheplaymakers.diasporachangemakers.net/wp-content/uploads/sites/19/2014/04/diasporaChangemakersLogo002-1-21.png</wp:attachment_url>
		<wp:postmeta>
			<wp:meta_key>_wp_attached_file</wp:meta_key>
			<wp:meta_value><![CDATA[2014/04/diasporaChangemakersLogo002-1-21.png]]></wp:meta_value>
		</wp:postmeta>
		<wp:postmeta>
			<wp:meta_key>_wp_attachment_metadata</wp:meta_key>
			<wp:meta_value><![CDATA[a:5:{s:5:"width";i:721;s:6:"height";i:800;s:4:"file";s:44:"2014/04/diasporaChangemakersLogo002-1-21.png";s:5:"sizes";a:2:{s:9:"thumbnail";a:4:{s:4:"file";s:44:"diasporaChangemakersLogo002-1-21-150x150.png";s:5:"width";i:150;s:6:"height";i:150;s:9:"mime-type";s:9:"image/png";}s:6:"medium";a:4:{s:4:"file";s:44:"diasporaChangemakersLogo002-1-21-270x300.png";s:5:"width";i:270;s:6:"height";i:300;s:9:"mime-type";s:9:"image/png";}}s:10:"image_meta";a:10:{s:8:"aperture";i:0;s:6:"credit";s:0:"";s:6:"camera";s:0:"";s:7:"caption";s:0:"";s:17:"created_timestamp";i:0;s:9:"copyright";s:0:"";s:12:"focal_length";i:0;s:3:"iso";i:0;s:13:"shutter_speed";i:0;s:5:"title";s:0:"";}}]]></wp:meta_value>
		</wp:postmeta>
	</item>
	<item>
				<title>diasporaChangemakersLogo002-1-4</title>
		<link>http://wearetheplaymakers.diasporachangemakers.net/?attachment_id=34</link>
		<pubDate>Mon, 21 Apr 2014 07:20:48 +0000</pubDate>
		<dc:creator><![CDATA[]]></dc:creator>
		<guid isPermaLink="false">http://wearetheplaymakers.diasporachangemakers.net/wp-content/uploads/sites/19/2014/04/diasporaChangemakersLogo002-1-41.png</guid>
		<description></description>
		<content:encoded><![CDATA[]]></content:encoded>
		<excerpt:encoded><![CDATA[]]></excerpt:encoded>
		<wp:post_id>34</wp:post_id>
		<wp:post_date>2014-04-21 07:20:48</wp:post_date>
		<wp:post_date_gmt>2014-04-21 07:20:48</wp:post_date_gmt>
		<wp:comment_status>open</wp:comment_status>
		<wp:ping_status>open</wp:ping_status>
		<wp:post_name>diasporachangemakerslogo002-1-4-2</wp:post_name>
		<wp:status>inherit</wp:status>
		<wp:post_parent>0</wp:post_parent>
		<wp:menu_order>0</wp:menu_order>
		<wp:post_type>attachment</wp:post_type>
		<wp:post_password></wp:post_password>
		<wp:is_sticky>0</wp:is_sticky>
		<wp:attachment_url>http://wearetheplaymakers.diasporachangemakers.net/wp-content/uploads/sites/19/2014/04/diasporaChangemakersLogo002-1-41.png</wp:attachment_url>
		<wp:postmeta>
			<wp:meta_key>_wp_attached_file</wp:meta_key>
			<wp:meta_value><![CDATA[2014/04/diasporaChangemakersLogo002-1-41.png]]></wp:meta_value>
		</wp:postmeta>
		<wp:postmeta>
			<wp:meta_key>_wp_attachment_metadata</wp:meta_key>
			<wp:meta_value><![CDATA[a:5:{s:5:"width";i:721;s:6:"height";i:800;s:4:"file";s:44:"2014/04/diasporaChangemakersLogo002-1-41.png";s:5:"sizes";a:2:{s:9:"thumbnail";a:4:{s:4:"file";s:44:"diasporaChangemakersLogo002-1-41-150x150.png";s:5:"width";i:150;s:6:"height";i:150;s:9:"mime-type";s:9:"image/png";}s:6:"medium";a:4:{s:4:"file";s:44:"diasporaChangemakersLogo002-1-41-270x300.png";s:5:"width";i:270;s:6:"height";i:300;s:9:"mime-type";s:9:"image/png";}}s:10:"image_meta";a:10:{s:8:"aperture";i:0;s:6:"credit";s:0:"";s:6:"camera";s:0:"";s:7:"caption";s:0:"";s:17:"created_timestamp";i:0;s:9:"copyright";s:0:"";s:12:"focal_length";i:0;s:3:"iso";i:0;s:13:"shutter_speed";i:0;s:5:"title";s:0:"";}}]]></wp:meta_value>
		</wp:postmeta>
	</item>
	<item>
				<title>diasporaChangemakersLogo002-1-5</title>
		<link>http://wearetheplaymakers.diasporachangemakers.net/?attachment_id=35</link>
		<pubDate>Mon, 21 Apr 2014 07:20:49 +0000</pubDate>
		<dc:creator><![CDATA[]]></dc:creator>
		<guid isPermaLink="false">http://wearetheplaymakers.diasporachangemakers.net/wp-content/uploads/sites/19/2014/04/diasporaChangemakersLogo002-1-51.png</guid>
		<description></description>
		<content:encoded><![CDATA[]]></content:encoded>
		<excerpt:encoded><![CDATA[]]></excerpt:encoded>
		<wp:post_id>35</wp:post_id>
		<wp:post_date>2014-04-21 07:20:49</wp:post_date>
		<wp:post_date_gmt>2014-04-21 07:20:49</wp:post_date_gmt>
		<wp:comment_status>open</wp:comment_status>
		<wp:ping_status>open</wp:ping_status>
		<wp:post_name>diasporachangemakerslogo002-1-5-2</wp:post_name>
		<wp:status>inherit</wp:status>
		<wp:post_parent>0</wp:post_parent>
		<wp:menu_order>0</wp:menu_order>
		<wp:post_type>attachment</wp:post_type>
		<wp:post_password></wp:post_password>
		<wp:is_sticky>0</wp:is_sticky>
		<wp:attachment_url>http://wearetheplaymakers.diasporachangemakers.net/wp-content/uploads/sites/19/2014/04/diasporaChangemakersLogo002-1-51.png</wp:attachment_url>
		<wp:postmeta>
			<wp:meta_key>_wp_attached_file</wp:meta_key>
			<wp:meta_value><![CDATA[2014/04/diasporaChangemakersLogo002-1-51.png]]></wp:meta_value>
		</wp:postmeta>
		<wp:postmeta>
			<wp:meta_key>_wp_attachment_metadata</wp:meta_key>
			<wp:meta_value><![CDATA[a:5:{s:5:"width";i:721;s:6:"height";i:800;s:4:"file";s:44:"2014/04/diasporaChangemakersLogo002-1-51.png";s:5:"sizes";a:2:{s:9:"thumbnail";a:4:{s:4:"file";s:44:"diasporaChangemakersLogo002-1-51-150x150.png";s:5:"width";i:150;s:6:"height";i:150;s:9:"mime-type";s:9:"image/png";}s:6:"medium";a:4:{s:4:"file";s:44:"diasporaChangemakersLogo002-1-51-270x300.png";s:5:"width";i:270;s:6:"height";i:300;s:9:"mime-type";s:9:"image/png";}}s:10:"image_meta";a:10:{s:8:"aperture";i:0;s:6:"credit";s:0:"";s:6:"camera";s:0:"";s:7:"caption";s:0:"";s:17:"created_timestamp";i:0;s:9:"copyright";s:0:"";s:12:"focal_length";i:0;s:3:"iso";i:0;s:13:"shutter_speed";i:0;s:5:"title";s:0:"";}}]]></wp:meta_value>
		</wp:postmeta>
	</item>
	<item>
				<title>diasporaChangemakersLogo002-1-6</title>
		<link>http://wearetheplaymakers.diasporachangemakers.net/?attachment_id=36</link>
		<pubDate>Mon, 21 Apr 2014 07:20:51 +0000</pubDate>
		<dc:creator><![CDATA[]]></dc:creator>
		<guid isPermaLink="false">http://wearetheplaymakers.diasporachangemakers.net/wp-content/uploads/sites/19/2014/04/diasporaChangemakersLogo002-1-61.png</guid>
		<description></description>
		<content:encoded><![CDATA[]]></content:encoded>
		<excerpt:encoded><![CDATA[]]></excerpt:encoded>
		<wp:post_id>36</wp:post_id>
		<wp:post_date>2014-04-21 07:20:51</wp:post_date>
		<wp:post_date_gmt>2014-04-21 07:20:51</wp:post_date_gmt>
		<wp:comment_status>open</wp:comment_status>
		<wp:ping_status>open</wp:ping_status>
		<wp:post_name>diasporachangemakerslogo002-1-6-2</wp:post_name>
		<wp:status>inherit</wp:status>
		<wp:post_parent>0</wp:post_parent>
		<wp:menu_order>0</wp:menu_order>
		<wp:post_type>attachment</wp:post_type>
		<wp:post_password></wp:post_password>
		<wp:is_sticky>0</wp:is_sticky>
		<wp:attachment_url>http://wearetheplaymakers.diasporachangemakers.net/wp-content/uploads/sites/19/2014/04/diasporaChangemakersLogo002-1-61.png</wp:attachment_url>
		<wp:postmeta>
			<wp:meta_key>_wp_attached_file</wp:meta_key>
			<wp:meta_value><![CDATA[2014/04/diasporaChangemakersLogo002-1-61.png]]></wp:meta_value>
		</wp:postmeta>
		<wp:postmeta>
			<wp:meta_key>_wp_attachment_metadata</wp:meta_key>
			<wp:meta_value><![CDATA[a:5:{s:5:"width";i:721;s:6:"height";i:800;s:4:"file";s:44:"2014/04/diasporaChangemakersLogo002-1-61.png";s:5:"sizes";a:2:{s:9:"thumbnail";a:4:{s:4:"file";s:44:"diasporaChangemakersLogo002-1-61-150x150.png";s:5:"width";i:150;s:6:"height";i:150;s:9:"mime-type";s:9:"image/png";}s:6:"medium";a:4:{s:4:"file";s:44:"diasporaChangemakersLogo002-1-61-270x300.png";s:5:"width";i:270;s:6:"height";i:300;s:9:"mime-type";s:9:"image/png";}}s:10:"image_meta";a:10:{s:8:"aperture";i:0;s:6:"credit";s:0:"";s:6:"camera";s:0:"";s:7:"caption";s:0:"";s:17:"created_timestamp";i:0;s:9:"copyright";s:0:"";s:12:"focal_length";i:0;s:3:"iso";i:0;s:13:"shutter_speed";i:0;s:5:"title";s:0:"";}}]]></wp:meta_value>
		</wp:postmeta>
	</item>
	<item>
				<title>diasporaChangemakersLogo002-1-7</title>
		<link>http://wearetheplaymakers.diasporachangemakers.net/?attachment_id=37</link>
		<pubDate>Mon, 21 Apr 2014 07:20:54 +0000</pubDate>
		<dc:creator><![CDATA[]]></dc:creator>
		<guid isPermaLink="false">http://wearetheplaymakers.diasporachangemakers.net/wp-content/uploads/sites/19/2014/04/diasporaChangemakersLogo002-1-71.png</guid>
		<description></description>
		<content:encoded><![CDATA[]]></content:encoded>
		<excerpt:encoded><![CDATA[]]></excerpt:encoded>
		<wp:post_id>37</wp:post_id>
		<wp:post_date>2014-04-21 07:20:54</wp:post_date>
		<wp:post_date_gmt>2014-04-21 07:20:54</wp:post_date_gmt>
		<wp:comment_status>open</wp:comment_status>
		<wp:ping_status>open</wp:ping_status>
		<wp:post_name>diasporachangemakerslogo002-1-7-2</wp:post_name>
		<wp:status>inherit</wp:status>
		<wp:post_parent>0</wp:post_parent>
		<wp:menu_order>0</wp:menu_order>
		<wp:post_type>attachment</wp:post_type>
		<wp:post_password></wp:post_password>
		<wp:is_sticky>0</wp:is_sticky>
		<wp:attachment_url>http://wearetheplaymakers.diasporachangemakers.net/wp-content/uploads/sites/19/2014/04/diasporaChangemakersLogo002-1-71.png</wp:attachment_url>
		<wp:postmeta>
			<wp:meta_key>_wp_attached_file</wp:meta_key>
			<wp:meta_value><![CDATA[2014/04/diasporaChangemakersLogo002-1-71.png]]></wp:meta_value>
		</wp:postmeta>
		<wp:postmeta>
			<wp:meta_key>_wp_attachment_metadata</wp:meta_key>
			<wp:meta_value><![CDATA[a:5:{s:5:"width";i:721;s:6:"height";i:800;s:4:"file";s:44:"2014/04/diasporaChangemakersLogo002-1-71.png";s:5:"sizes";a:2:{s:9:"thumbnail";a:4:{s:4:"file";s:44:"diasporaChangemakersLogo002-1-71-150x150.png";s:5:"width";i:150;s:6:"height";i:150;s:9:"mime-type";s:9:"image/png";}s:6:"medium";a:4:{s:4:"file";s:44:"diasporaChangemakersLogo002-1-71-270x300.png";s:5:"width";i:270;s:6:"height";i:300;s:9:"mime-type";s:9:"image/png";}}s:10:"image_meta";a:10:{s:8:"aperture";i:0;s:6:"credit";s:0:"";s:6:"camera";s:0:"";s:7:"caption";s:0:"";s:17:"created_timestamp";i:0;s:9:"copyright";s:0:"";s:12:"focal_length";i:0;s:3:"iso";i:0;s:13:"shutter_speed";i:0;s:5:"title";s:0:"";}}]]></wp:meta_value>
		</wp:postmeta>
	</item>
	<item>
				<title>rsaLogo</title>
		<link>http://wearetheplaymakers.diasporachangemakers.net/?attachment_id=38</link>
		<pubDate>Mon, 21 Apr 2014 07:20:55 +0000</pubDate>
		<dc:creator><![CDATA[]]></dc:creator>
		<guid isPermaLink="false">http://wearetheplaymakers.diasporachangemakers.net/wp-content/uploads/sites/19/2014/04/rsaLogo1.png</guid>
		<description></description>
		<content:encoded><![CDATA[]]></content:encoded>
		<excerpt:encoded><![CDATA[]]></excerpt:encoded>
		<wp:post_id>38</wp:post_id>
		<wp:post_date>2014-04-21 07:20:55</wp:post_date>
		<wp:post_date_gmt>2014-04-21 07:20:55</wp:post_date_gmt>
		<wp:comment_status>open</wp:comment_status>
		<wp:ping_status>open</wp:ping_status>
		<wp:post_name>rsalogo-2</wp:post_name>
		<wp:status>inherit</wp:status>
		<wp:post_parent>0</wp:post_parent>
		<wp:menu_order>0</wp:menu_order>
		<wp:post_type>attachment</wp:post_type>
		<wp:post_password></wp:post_password>
		<wp:is_sticky>0</wp:is_sticky>
		<wp:attachment_url>http://wearetheplaymakers.diasporachangemakers.net/wp-content/uploads/sites/19/2014/04/rsaLogo1.png</wp:attachment_url>
		<wp:postmeta>
			<wp:meta_key>_wp_attached_file</wp:meta_key>
			<wp:meta_value><![CDATA[2014/04/rsaLogo1.png]]></wp:meta_value>
		</wp:postmeta>
		<wp:postmeta>
			<wp:meta_key>_wp_attachment_metadata</wp:meta_key>
			<wp:meta_value><![CDATA[a:5:{s:5:"width";i:721;s:6:"height";i:800;s:4:"file";s:20:"2014/04/rsaLogo1.png";s:5:"sizes";a:2:{s:9:"thumbnail";a:4:{s:4:"file";s:20:"rsaLogo1-150x150.png";s:5:"width";i:150;s:6:"height";i:150;s:9:"mime-type";s:9:"image/png";}s:6:"medium";a:4:{s:4:"file";s:20:"rsaLogo1-270x300.png";s:5:"width";i:270;s:6:"height";i:300;s:9:"mime-type";s:9:"image/png";}}s:10:"image_meta";a:10:{s:8:"aperture";i:0;s:6:"credit";s:0:"";s:6:"camera";s:0:"";s:7:"caption";s:0:"";s:17:"created_timestamp";i:0;s:9:"copyright";s:0:"";s:12:"focal_length";i:0;s:3:"iso";i:0;s:13:"shutter_speed";i:0;s:5:"title";s:0:"";}}]]></wp:meta_value>
		</wp:postmeta>
	</item>
	<item>
				<title>Hello world!</title>
		<link>http://wearetheplaymakers.diasporachangemakers.net/2014/04/15/hello-world/</link>
		<pubDate>Tue, 15 Apr 2014 21:27:45 +0000</pubDate>
		<dc:creator><![CDATA[wearetheplaymakers]]></dc:creator>
		<guid isPermaLink="false">http://wearetheplaymakers.diasporachangemakers.net/?p=1</guid>
		<description></description>
		<content:encoded><![CDATA[Welcome to <a href="http://diasporachangemakers.net/">diasporachangemakers.net</a>. This is your first post. Edit or delete it, then start blogging!]]></content:encoded>
		<excerpt:encoded><![CDATA[]]></excerpt:encoded>
		<wp:post_id>1</wp:post_id>
		<wp:post_date>2014-04-15 21:27:45</wp:post_date>
		<wp:post_date_gmt>2014-04-15 21:27:45</wp:post_date_gmt>
		<wp:comment_status>open</wp:comment_status>
		<wp:ping_status>open</wp:ping_status>
		<wp:post_name>hello-world</wp:post_name>
		<wp:status>publish</wp:status>
		<wp:post_parent>0</wp:post_parent>
		<wp:menu_order>0</wp:menu_order>
		<wp:post_type>post</wp:post_type>
		<wp:post_password></wp:post_password>
		<wp:is_sticky>0</wp:is_sticky>
		<category domain="category" nicename="uncategorized"><![CDATA[Uncategorized]]></category>
		<wp:comment>
			<wp:comment_id>1</wp:comment_id>
			<wp:comment_author><![CDATA[]]></wp:comment_author>
			<wp:comment_author_email></wp:comment_author_email>
			<wp:comment_author_url></wp:comment_author_url>
			<wp:comment_author_IP></wp:comment_author_IP>
			<wp:comment_date>2014-04-15 21:27:45</wp:comment_date>
			<wp:comment_date_gmt>2014-04-15 21:27:45</wp:comment_date_gmt>
			<wp:comment_content><![CDATA[]]></wp:comment_content>
			<wp:comment_approved>1</wp:comment_approved>
			<wp:comment_type></wp:comment_type>
			<wp:comment_parent>0</wp:comment_parent>
			<wp:comment_user_id>0</wp:comment_user_id>
		</wp:comment>
	</item>
	<item>
				<title>Sample Page</title>
		<link>http://wearetheplaymakers.diasporachangemakers.net/sample-page/</link>
		<pubDate>Tue, 15 Apr 2014 21:27:45 +0000</pubDate>
		<dc:creator><![CDATA[wearetheplaymakers]]></dc:creator>
		<guid isPermaLink="false">http://wearetheplaymakers.diasporachangemakers.net/?page_id=2</guid>
		<description></description>
		<content:encoded><![CDATA[]]></content:encoded>
		<excerpt:encoded><![CDATA[]]></excerpt:encoded>
		<wp:post_id>2</wp:post_id>
		<wp:post_date>2014-04-15 21:27:45</wp:post_date>
		<wp:post_date_gmt>2014-04-15 21:27:45</wp:post_date_gmt>
		<wp:comment_status>open</wp:comment_status>
		<wp:ping_status>open</wp:ping_status>
		<wp:post_name>sample-page</wp:post_name>
		<wp:status>publish</wp:status>
		<wp:post_parent>0</wp:post_parent>
		<wp:menu_order>0</wp:menu_order>
		<wp:post_type>page</wp:post_type>
		<wp:post_password></wp:post_password>
		<wp:is_sticky>0</wp:is_sticky>
		<wp:postmeta>
			<wp:meta_key>_wp_page_template</wp:meta_key>
			<wp:meta_value><![CDATA[page-explore.php]]></wp:meta_value>
		</wp:postmeta>
		<wp:postmeta>
			<wp:meta_key>_edit_last</wp:meta_key>
			<wp:meta_value><![CDATA[1]]></wp:meta_value>
		</wp:postmeta>
		<wp:postmeta>
			<wp:meta_key>ninja_forms_form</wp:meta_key>
			<wp:meta_value><![CDATA[0]]></wp:meta_value>
		</wp:postmeta>
	</item>
	<item>
				<title>Events</title>
		<link>http://wearetheplaymakers.diasporachangemakers.net/events/</link>
		<pubDate>Tue, 15 Apr 2014 21:28:42 +0000</pubDate>
		<dc:creator><![CDATA[hannah]]></dc:creator>
		<guid isPermaLink="false">http://wearetheplaymakers.diasporachangemakers.net/events/</guid>
		<description></description>
		<content:encoded><![CDATA[CONTENTS]]></content:encoded>
		<excerpt:encoded><![CDATA[CONTENTS]]></excerpt:encoded>
		<wp:post_id>3</wp:post_id>
		<wp:post_date>2014-04-15 21:28:42</wp:post_date>
		<wp:post_date_gmt>2014-04-15 21:28:42</wp:post_date_gmt>
		<wp:comment_status>open</wp:comment_status>
		<wp:ping_status>open</wp:ping_status>
		<wp:post_name>events</wp:post_name>
		<wp:status>publish</wp:status>
		<wp:post_parent>0</wp:post_parent>
		<wp:menu_order>0</wp:menu_order>
		<wp:post_type>page</wp:post_type>
		<wp:post_password></wp:post_password>
		<wp:is_sticky>0</wp:is_sticky>
	</item>
	<item>
				<title>Locations</title>
		<link>http://wearetheplaymakers.diasporachangemakers.net/events/locations/</link>
		<pubDate>Tue, 15 Apr 2014 21:28:42 +0000</pubDate>
		<dc:creator><![CDATA[hannah]]></dc:creator>
		<guid isPermaLink="false">http://wearetheplaymakers.diasporachangemakers.net/events/locations/</guid>
		<description></description>
		<content:encoded><![CDATA[CONTENTS]]></content:encoded>
		<excerpt:encoded><![CDATA[]]></excerpt:encoded>
		<wp:post_id>4</wp:post_id>
		<wp:post_date>2014-04-15 21:28:42</wp:post_date>
		<wp:post_date_gmt>2014-04-15 21:28:42</wp:post_date_gmt>
		<wp:comment_status>open</wp:comment_status>
		<wp:ping_status>open</wp:ping_status>
		<wp:post_name>locations</wp:post_name>
		<wp:status>publish</wp:status>
		<wp:post_parent>3</wp:post_parent>
		<wp:menu_order>0</wp:menu_order>
		<wp:post_type>page</wp:post_type>
		<wp:post_password></wp:post_password>
		<wp:is_sticky>0</wp:is_sticky>
	</item>
	<item>
				<title>Categories</title>
		<link>http://wearetheplaymakers.diasporachangemakers.net/events/categories/</link>
		<pubDate>Tue, 15 Apr 2014 21:28:42 +0000</pubDate>
		<dc:creator><![CDATA[hannah]]></dc:creator>
		<guid isPermaLink="false">http://wearetheplaymakers.diasporachangemakers.net/events/categories/</guid>
		<description></description>
		<content:encoded><![CDATA[CONTENTS]]></content:encoded>
		<excerpt:encoded><![CDATA[]]></excerpt:encoded>
		<wp:post_id>5</wp:post_id>
		<wp:post_date>2014-04-15 21:28:42</wp:post_date>
		<wp:post_date_gmt>2014-04-15 21:28:42</wp:post_date_gmt>
		<wp:comment_status>open</wp:comment_status>
		<wp:ping_status>open</wp:ping_status>
		<wp:post_name>categories</wp:post_name>
		<wp:status>publish</wp:status>
		<wp:post_parent>3</wp:post_parent>
		<wp:menu_order>0</wp:menu_order>
		<wp:post_type>page</wp:post_type>
		<wp:post_password></wp:post_password>
		<wp:is_sticky>0</wp:is_sticky>
	</item>
	<item>
				<title>Tags</title>
		<link>http://wearetheplaymakers.diasporachangemakers.net/events/tags/</link>
		<pubDate>Tue, 15 Apr 2014 21:28:42 +0000</pubDate>
		<dc:creator><![CDATA[hannah]]></dc:creator>
		<guid isPermaLink="false">http://wearetheplaymakers.diasporachangemakers.net/events/tags/</guid>
		<description></description>
		<content:encoded><![CDATA[CONTENTS]]></content:encoded>
		<excerpt:encoded><![CDATA[]]></excerpt:encoded>
		<wp:post_id>6</wp:post_id>
		<wp:post_date>2014-04-15 21:28:42</wp:post_date>
		<wp:post_date_gmt>2014-04-15 21:28:42</wp:post_date_gmt>
		<wp:comment_status>open</wp:comment_status>
		<wp:ping_status>open</wp:ping_status>
		<wp:post_name>tags</wp:post_name>
		<wp:status>publish</wp:status>
		<wp:post_parent>3</wp:post_parent>
		<wp:menu_order>0</wp:menu_order>
		<wp:post_type>page</wp:post_type>
		<wp:post_password></wp:post_password>
		<wp:is_sticky>0</wp:is_sticky>
	</item>
	<item>
				<title>My Bookings</title>
		<link>http://wearetheplaymakers.diasporachangemakers.net/events/my-bookings/</link>
		<pubDate>Tue, 15 Apr 2014 21:28:42 +0000</pubDate>
		<dc:creator><![CDATA[hannah]]></dc:creator>
		<guid isPermaLink="false">http://wearetheplaymakers.diasporachangemakers.net/events/my-bookings/</guid>
		<description></description>
		<content:encoded><![CDATA[CONTENTS]]></content:encoded>
		<excerpt:encoded><![CDATA[]]></excerpt:encoded>
		<wp:post_id>7</wp:post_id>
		<wp:post_date>2014-04-15 21:28:42</wp:post_date>
		<wp:post_date_gmt>2014-04-15 21:28:42</wp:post_date_gmt>
		<wp:comment_status>open</wp:comment_status>
		<wp:ping_status>open</wp:ping_status>
		<wp:post_name>my-bookings</wp:post_name>
		<wp:status>publish</wp:status>
		<wp:post_parent>3</wp:post_parent>
		<wp:menu_order>0</wp:menu_order>
		<wp:post_type>page</wp:post_type>
		<wp:post_password></wp:post_password>
		<wp:is_sticky>0</wp:is_sticky>
	</item>
	<item>
				<title>some advice from noviceapp.com</title>
		<link>http://wearetheplaymakers.diasporachangemakers.net/2014/04/24/47/</link>
		<pubDate>Thu, 24 Apr 2014 21:39:59 +0000</pubDate>
		<dc:creator><![CDATA[devteam]]></dc:creator>
		<guid isPermaLink="false">http://wearetheplaymakers.diasporachangemakers.net/?p=47</guid>
		<description></description>
		<content:encoded><![CDATA[&nbsp;			 <a class="m-collection" href="https://medium.com/noviceapp-com-via-medium-com">noviceapp.com via medium.com</a>
&nbsp;]]></content:encoded>
		<excerpt:encoded><![CDATA[]]></excerpt:encoded>
		<wp:post_id>47</wp:post_id>
		<wp:post_date>2014-04-24 21:39:59</wp:post_date>
		<wp:post_date_gmt>2014-04-24 21:39:59</wp:post_date_gmt>
		<wp:comment_status>open</wp:comment_status>
		<wp:ping_status>open</wp:ping_status>
		<wp:post_name>47</wp:post_name>
		<wp:status>publish</wp:status>
		<wp:post_parent>0</wp:post_parent>
		<wp:menu_order>0</wp:menu_order>
		<wp:post_type>post</wp:post_type>
		<wp:post_password></wp:post_password>
		<wp:is_sticky>0</wp:is_sticky>
		<category domain="category" nicename="uncategorized"><![CDATA[Uncategorized]]></category>
		<wp:postmeta>
			<wp:meta_key>_edit_last</wp:meta_key>
			<wp:meta_value><![CDATA[30]]></wp:meta_value>
		</wp:postmeta>
		<wp:postmeta>
			<wp:meta_key>_wpas_done_all</wp:meta_key>
			<wp:meta_value><![CDATA[1]]></wp:meta_value>
		</wp:postmeta>
		<wp:postmeta>
			<wp:meta_key>ninja_forms_form</wp:meta_key>
			<wp:meta_value><![CDATA[0]]></wp:meta_value>
		</wp:postmeta>
		<wp:postmeta>
			<wp:meta_key>panels_data</wp:meta_key>
			<wp:meta_value><![CDATA[a:3:{s:7:"widgets";a:1:{i:0;a:4:{s:5:"title";s:0:"";s:4:"text";s:175:"<script async src="https://static.medium.com/embed.js"></script><a class="m-collection" href="https://medium.com/noviceapp-com-via-medium-com">noviceapp.com via medium.com</a>";s:6:"filter";s:0:"";s:4:"info";a:4:{s:4:"grid";s:1:"0";s:4:"cell";s:1:"1";s:2:"id";s:1:"0";s:5:"class";s:14:"WP_Widget_Text";}}}s:5:"grids";a:1:{i:0;a:1:{s:5:"cells";s:1:"3";}}s:10:"grid_cells";a:3:{i:0;a:2:{s:6:"weight";s:3:"0.2";s:4:"grid";s:1:"0";}i:1;a:2:{s:6:"weight";s:3:"0.6";s:4:"grid";s:1:"0";}i:2;a:2:{s:6:"weight";s:3:"0.2";s:4:"grid";s:1:"0";}}}]]></wp:meta_value>
		</wp:postmeta>
		<wp:postmeta>
			<wp:meta_key>_webdados_fb_open_graph_specific_image</wp:meta_key>
			<wp:meta_value><![CDATA[]]></wp:meta_value>
		</wp:postmeta>
		<wp:postmeta>
			<wp:meta_key>_the_champ_meta</wp:meta_key>
			<wp:meta_value><![CDATA[a:1:{s:7:"sharing";i:0;}]]></wp:meta_value>
		</wp:postmeta>
		<wp:comment>
			<wp:comment_id>2</wp:comment_id>
			<wp:comment_author><![CDATA[raf]]></wp:comment_author>
			<wp:comment_author_email>rafszul@gmail.com</wp:comment_author_email>
			<wp:comment_author_url></wp:comment_author_url>
			<wp:comment_author_IP>82.5.126.162</wp:comment_author_IP>
			<wp:comment_date>2014-04-27 01:51:22</wp:comment_date>
			<wp:comment_date_gmt>2014-04-27 01:51:22</wp:comment_date_gmt>
			<wp:comment_content><![CDATA[well, this is my comment]]></wp:comment_content>
			<wp:comment_approved>0</wp:comment_approved>
			<wp:comment_type></wp:comment_type>
			<wp:comment_parent>0</wp:comment_parent>
			<wp:comment_user_id>0</wp:comment_user_id>
			<wp:commentmeta>
				<wp:meta_key>akismet_error</wp:meta_key>
				<wp:meta_value><![CDATA[1398563482]]></wp:meta_value>
			</wp:commentmeta>
			<wp:commentmeta>
				<wp:meta_key>akismet_history</wp:meta_key>
				<wp:meta_value><![CDATA[a:4:{s:4:"time";d:1398563482.3084049224853515625;s:7:"message";s:99:"Akismet was unable to check this comment (response: invalid), will automatically retry again later.";s:5:"event";s:11:"check-error";s:4:"user";s:0:"";}]]></wp:meta_value>
			</wp:commentmeta>
			<wp:commentmeta>
				<wp:meta_key>akismet_as_submitted</wp:meta_key>
				<wp:meta_value><![CDATA[a:62:{s:15:"comment_post_ID";i:47;s:14:"comment_author";s:3:"raf";s:20:"comment_author_email";s:17:"rafszul@gmail.com";s:18:"comment_author_url";s:0:"";s:15:"comment_content";s:24:"well, this is my comment";s:12:"comment_type";s:0:"";s:14:"comment_parent";i:0;s:7:"user_ID";i:0;s:7:"user_ip";s:12:"82.5.126.162";s:10:"user_agent";s:81:"Mozilla/5.0 (Macintosh; Intel Mac OS X 10.7; rv:28.0) Gecko/20100101 Firefox/28.0";s:8:"referrer";s:65:"http://wearetheplaymakers.diasporachangemakers.net/2014/04/24/47/";s:4:"blog";s:50:"http://wearetheplaymakers.diasporachangemakers.net";s:9:"blog_lang";s:5:"en_US";s:12:"blog_charset";s:5:"UTF-8";s:9:"permalink";s:65:"http://wearetheplaymakers.diasporachangemakers.net/2014/04/24/47/";s:21:"akismet_comment_nonce";s:6:"passed";s:11:"POST_author";s:3:"raf";s:10:"POST_email";s:17:"rafszul@gmail.com";s:8:"POST_url";s:0:"";s:12:"POST_comment";s:25:"well, this is my comment ";s:11:"POST_submit";s:12:"Post Comment";s:20:"POST_comment_post_ID";s:2:"47";s:19:"POST_comment_parent";s:1:"0";s:26:"POST_akismet_comment_nonce";s:10:"52a6492bae";s:10:"POST_ak_js";s:13:"1398563441259";s:15:"SERVER_SOFTWARE";s:6:"Apache";s:11:"REQUEST_URI";s:21:"/wp-comments-post.php";s:14:"CONTENT_LENGTH";s:3:"186";s:12:"CONTENT_TYPE";s:33:"application/x-www-form-urlencoded";s:13:"DOCUMENT_ROOT";s:26:"/home/diaspo10/public_html";s:17:"GATEWAY_INTERFACE";s:7:"CGI/1.1";s:11:"HTTP_ACCEPT";s:63:"text/html,application/xhtml+xml,application/xml;q=0.9,*/*;q=0.8";s:20:"HTTP_ACCEPT_ENCODING";s:13:"gzip, deflate";s:20:"HTTP_ACCEPT_LANGUAGE";s:14:"en-US,en;q=0.5";s:15:"HTTP_CONNECTION";s:10:"keep-alive";s:11:"HTTP_COOKIE";s:0:"";s:9:"HTTP_HOST";s:43:"wearetheplaymakers.diasporachangemakers.net";s:12:"HTTP_REFERER";s:65:"http://wearetheplaymakers.diasporachangemakers.net/2014/04/24/47/";s:15:"HTTP_USER_AGENT";s:81:"Mozilla/5.0 (Macintosh; Intel Mac OS X 10.7; rv:28.0) Gecko/20100101 Firefox/28.0";s:4:"PATH";s:13:"/bin:/usr/bin";s:12:"QUERY_STRING";s:0:"";s:15:"REDIRECT_STATUS";s:3:"200";s:11:"REMOTE_ADDR";s:12:"82.5.126.162";s:11:"REMOTE_PORT";s:5:"56720";s:14:"REQUEST_METHOD";s:4:"POST";s:15:"SCRIPT_FILENAME";s:47:"/home/diaspo10/public_html/wp-comments-post.php";s:11:"SCRIPT_NAME";s:21:"/wp-comments-post.php";s:11:"SERVER_ADDR";s:13:"198.46.82.236";s:12:"SERVER_ADMIN";s:34:"webmaster@diasporachangemakers.net";s:11:"SERVER_NAME";s:43:"wearetheplaymakers.diasporachangemakers.net";s:11:"SERVER_PORT";s:2:"80";s:15:"SERVER_PROTOCOL";s:8:"HTTP/1.1";s:16:"SERVER_SIGNATURE";s:0:"";s:9:"UNIQUE_ID";s:24:"U1xima3Nf-MAADwD1WgAAAkG";s:16:"attempt_interval";s:2:"30";s:9:"block_for";s:4:"3600";s:12:"max_attempts";s:2:"10";s:8:"PHP_SELF";s:21:"/wp-comments-post.php";s:12:"REQUEST_TIME";s:10:"1398563481";s:4:"argv";s:0:"";s:4:"argc";s:1:"0";s:25:"comment_post_modified_gmt";s:19:"2014-04-24 21:50:42";}]]></wp:meta_value>
			</wp:commentmeta>
			<wp:commentmeta>
				<wp:meta_key>akismet_delayed_moderation_email</wp:meta_key>
				<wp:meta_value><![CDATA[1]]></wp:meta_value>
			</wp:commentmeta>
		</wp:comment>
	</item>
	<item>
				<title>weAreThePlayMakersLogo</title>
		<link>http://wearetheplaymakers.diasporachangemakers.net/?attachment_id=39</link>
		<pubDate>Mon, 21 Apr 2014 07:20:57 +0000</pubDate>
		<dc:creator><![CDATA[]]></dc:creator>
		<guid isPermaLink="false">http://wearetheplaymakers.diasporachangemakers.net/wp-content/uploads/sites/19/2014/04/weAreThePlayMakersLogo1.png</guid>
		<description></description>
		<content:encoded><![CDATA[]]></content:encoded>
		<excerpt:encoded><![CDATA[]]></excerpt:encoded>
		<wp:post_id>39</wp:post_id>
		<wp:post_date>2014-04-21 07:20:57</wp:post_date>
		<wp:post_date_gmt>2014-04-21 07:20:57</wp:post_date_gmt>
		<wp:comment_status>open</wp:comment_status>
		<wp:ping_status>open</wp:ping_status>
		<wp:post_name>wearetheplaymakerslogo-2</wp:post_name>
		<wp:status>inherit</wp:status>
		<wp:post_parent>0</wp:post_parent>
		<wp:menu_order>0</wp:menu_order>
		<wp:post_type>attachment</wp:post_type>
		<wp:post_password></wp:post_password>
		<wp:is_sticky>0</wp:is_sticky>
		<wp:attachment_url>http://wearetheplaymakers.diasporachangemakers.net/wp-content/uploads/sites/19/2014/04/weAreThePlayMakersLogo1.png</wp:attachment_url>
		<wp:postmeta>
			<wp:meta_key>_wp_attached_file</wp:meta_key>
			<wp:meta_value><![CDATA[2014/04/weAreThePlayMakersLogo1.png]]></wp:meta_value>
		</wp:postmeta>
		<wp:postmeta>
			<wp:meta_key>_wp_attachment_metadata</wp:meta_key>
			<wp:meta_value><![CDATA[a:5:{s:5:"width";i:721;s:6:"height";i:800;s:4:"file";s:35:"2014/04/weAreThePlayMakersLogo1.png";s:5:"sizes";a:2:{s:9:"thumbnail";a:4:{s:4:"file";s:35:"weAreThePlayMakersLogo1-150x150.png";s:5:"width";i:150;s:6:"height";i:150;s:9:"mime-type";s:9:"image/png";}s:6:"medium";a:4:{s:4:"file";s:35:"weAreThePlayMakersLogo1-270x300.png";s:5:"width";i:270;s:6:"height";i:300;s:9:"mime-type";s:9:"image/png";}}s:10:"image_meta";a:10:{s:8:"aperture";i:0;s:6:"credit";s:0:"";s:6:"camera";s:0:"";s:7:"caption";s:0:"";s:17:"created_timestamp";i:0;s:9:"copyright";s:0:"";s:12:"focal_length";i:0;s:3:"iso";i:0;s:13:"shutter_speed";i:0;s:5:"title";s:0:"";}}]]></wp:meta_value>
		</wp:postmeta>
		<wp:postmeta>
			<wp:meta_key>_wp_attachment_is_custom_background</wp:meta_key>
			<wp:meta_value><![CDATA[decode]]></wp:meta_value>
		</wp:postmeta>
	</item>
	<item>
				<title>weAreThePlayMakersLogo</title>
		<link>http://wearetheplaymakers.diasporachangemakers.net/?attachment_id=41</link>
		<pubDate>Mon, 21 Apr 2014 10:15:54 +0000</pubDate>
		<dc:creator><![CDATA[]]></dc:creator>
		<guid isPermaLink="false">http://wearetheplaymakers.diasporachangemakers.net/wp-content/uploads/sites/19/2014/04/weAreThePlayMakersLogo2.png</guid>
		<description></description>
		<content:encoded><![CDATA[]]></content:encoded>
		<excerpt:encoded><![CDATA[]]></excerpt:encoded>
		<wp:post_id>41</wp:post_id>
		<wp:post_date>2014-04-21 10:15:54</wp:post_date>
		<wp:post_date_gmt>2014-04-21 10:15:54</wp:post_date_gmt>
		<wp:comment_status>open</wp:comment_status>
		<wp:ping_status>open</wp:ping_status>
		<wp:post_name>wearetheplaymakerslogo-3</wp:post_name>
		<wp:status>inherit</wp:status>
		<wp:post_parent>0</wp:post_parent>
		<wp:menu_order>0</wp:menu_order>
		<wp:post_type>attachment</wp:post_type>
		<wp:post_password></wp:post_password>
		<wp:is_sticky>0</wp:is_sticky>
		<wp:attachment_url>http://wearetheplaymakers.diasporachangemakers.net/wp-content/uploads/sites/19/2014/04/weAreThePlayMakersLogo2.png</wp:attachment_url>
		<wp:postmeta>
			<wp:meta_key>_wp_attached_file</wp:meta_key>
			<wp:meta_value><![CDATA[2014/04/weAreThePlayMakersLogo2.png]]></wp:meta_value>
		</wp:postmeta>
		<wp:postmeta>
			<wp:meta_key>_wp_attachment_metadata</wp:meta_key>
			<wp:meta_value><![CDATA[a:5:{s:5:"width";i:721;s:6:"height";i:800;s:4:"file";s:35:"2014/04/weAreThePlayMakersLogo2.png";s:5:"sizes";a:2:{s:9:"thumbnail";a:4:{s:4:"file";s:35:"weAreThePlayMakersLogo2-150x150.png";s:5:"width";i:150;s:6:"height";i:150;s:9:"mime-type";s:9:"image/png";}s:6:"medium";a:4:{s:4:"file";s:35:"weAreThePlayMakersLogo2-270x300.png";s:5:"width";i:270;s:6:"height";i:300;s:9:"mime-type";s:9:"image/png";}}s:10:"image_meta";a:10:{s:8:"aperture";i:0;s:6:"credit";s:0:"";s:6:"camera";s:0:"";s:7:"caption";s:0:"";s:17:"created_timestamp";i:0;s:9:"copyright";s:0:"";s:12:"focal_length";i:0;s:3:"iso";i:0;s:13:"shutter_speed";i:0;s:5:"title";s:0:"";}}]]></wp:meta_value>
		</wp:postmeta>
	</item>
	<item>
				<title>hannah says editor doesn&#039;t work</title>
		<link>http://wearetheplaymakers.diasporachangemakers.net/?p=42</link>
		<pubDate>Wed, 30 Nov -0001 00:00:00 +0000</pubDate>
		<dc:creator><![CDATA[]]></dc:creator>
		<guid isPermaLink="false">http://wearetheplaymakers.diasporachangemakers.net/?p=42</guid>
		<description></description>
		<content:encoded><![CDATA[<p style="text-align: center;"><strong>hannah</strong> says editor doesn't work</p>
<p style="text-align: center;"></p>
<p style="text-align: center;">it works for me</p>]]></content:encoded>
		<excerpt:encoded><![CDATA[]]></excerpt:encoded>
		<wp:post_id>42</wp:post_id>
		<wp:post_date>2014-04-21 21:29:44</wp:post_date>
		<wp:post_date_gmt>0000-00-00 00:00:00</wp:post_date_gmt>
		<wp:comment_status>open</wp:comment_status>
		<wp:ping_status>open</wp:ping_status>
		<wp:post_name>hannah-says-editor-doesnt-work</wp:post_name>
		<wp:status>draft</wp:status>
		<wp:post_parent>0</wp:post_parent>
		<wp:menu_order>0</wp:menu_order>
		<wp:post_type>post</wp:post_type>
		<wp:post_password></wp:post_password>
		<wp:is_sticky>0</wp:is_sticky>
		<category domain="category" nicename="uncategorized"><![CDATA[Uncategorized]]></category>
		<wp:postmeta>
			<wp:meta_key>_edit_last</wp:meta_key>
			<wp:meta_value><![CDATA[1]]></wp:meta_value>
		</wp:postmeta>
		<wp:postmeta>
			<wp:meta_key>ninja_forms_form</wp:meta_key>
			<wp:meta_value><![CDATA[0]]></wp:meta_value>
		</wp:postmeta>
	</item>
	<item>
				<title>playRocket</title>
		<link>http://wearetheplaymakers.diasporachangemakers.net/?attachment_id=44</link>
		<pubDate>Mon, 21 Apr 2014 21:39:39 +0000</pubDate>
		<dc:creator><![CDATA[]]></dc:creator>
		<guid isPermaLink="false">http://wearetheplaymakers.diasporachangemakers.net/wp-content/uploads/sites/19/2014/04/playRocket.png</guid>
		<description></description>
		<content:encoded><![CDATA[]]></content:encoded>
		<excerpt:encoded><![CDATA[]]></excerpt:encoded>
		<wp:post_id>44</wp:post_id>
		<wp:post_date>2014-04-21 21:39:39</wp:post_date>
		<wp:post_date_gmt>2014-04-21 21:39:39</wp:post_date_gmt>
		<wp:comment_status>open</wp:comment_status>
		<wp:ping_status>open</wp:ping_status>
		<wp:post_name>playrocket</wp:post_name>
		<wp:status>inherit</wp:status>
		<wp:post_parent>0</wp:post_parent>
		<wp:menu_order>0</wp:menu_order>
		<wp:post_type>attachment</wp:post_type>
		<wp:post_password></wp:post_password>
		<wp:is_sticky>0</wp:is_sticky>
		<wp:attachment_url>http://wearetheplaymakers.diasporachangemakers.net/wp-content/uploads/sites/19/2014/04/playRocket.png</wp:attachment_url>
		<wp:postmeta>
			<wp:meta_key>_wp_attached_file</wp:meta_key>
			<wp:meta_value><![CDATA[2014/04/playRocket.png]]></wp:meta_value>
		</wp:postmeta>
		<wp:postmeta>
			<wp:meta_key>_wp_attachment_metadata</wp:meta_key>
			<wp:meta_value><![CDATA[a:5:{s:5:"width";i:30;s:6:"height";i:30;s:4:"file";s:22:"2014/04/playRocket.png";s:5:"sizes";a:0:{}s:10:"image_meta";a:10:{s:8:"aperture";i:0;s:6:"credit";s:0:"";s:6:"camera";s:0:"";s:7:"caption";s:0:"";s:17:"created_timestamp";i:0;s:9:"copyright";s:0:"";s:12:"focal_length";i:0;s:3:"iso";i:0;s:13:"shutter_speed";i:0;s:5:"title";s:0:"";}}]]></wp:meta_value>
		</wp:postmeta>
	</item>
	<item>
				<title></title>
		<link>http://wearetheplaymakers.diasporachangemakers.net/45/</link>
		<pubDate>Tue, 22 Apr 2014 07:36:18 +0000</pubDate>
		<dc:creator><![CDATA[wearetheplaymakers]]></dc:creator>
		<guid isPermaLink="false">http://wearetheplaymakers.diasporachangemakers.net/?page_id=45</guid>
		<description></description>
		<content:encoded><![CDATA[<h3 class="widget-title">our facebook page</h3>]]></content:encoded>
		<excerpt:encoded><![CDATA[]]></excerpt:encoded>
		<wp:post_id>45</wp:post_id>
		<wp:post_date>2014-04-22 07:36:18</wp:post_date>
		<wp:post_date_gmt>2014-04-22 07:36:18</wp:post_date_gmt>
		<wp:comment_status>open</wp:comment_status>
		<wp:ping_status>open</wp:ping_status>
		<wp:post_name>45</wp:post_name>
		<wp:status>publish</wp:status>
		<wp:post_parent>0</wp:post_parent>
		<wp:menu_order>0</wp:menu_order>
		<wp:post_type>page</wp:post_type>
		<wp:post_password></wp:post_password>
		<wp:is_sticky>0</wp:is_sticky>
		<wp:postmeta>
			<wp:meta_key>_edit_last</wp:meta_key>
			<wp:meta_value><![CDATA[1]]></wp:meta_value>
		</wp:postmeta>
		<wp:postmeta>
			<wp:meta_key>_wp_page_template</wp:meta_key>
			<wp:meta_value><![CDATA[default]]></wp:meta_value>
		</wp:postmeta>
		<wp:postmeta>
			<wp:meta_key>_wpas_done_all</wp:meta_key>
			<wp:meta_value><![CDATA[1]]></wp:meta_value>
		</wp:postmeta>
		<wp:postmeta>
			<wp:meta_key>ninja_forms_form</wp:meta_key>
			<wp:meta_value><![CDATA[0]]></wp:meta_value>
		</wp:postmeta>
		<wp:postmeta>
			<wp:meta_key>panels_data</wp:meta_key>
			<wp:meta_value><![CDATA[a:3:{s:7:"widgets";a:1:{i:0;a:6:{s:5:"title";s:17:"our facebook page";s:11:"colorscheme";s:4:"dark";s:6:"height";s:3:"800";s:6:"header";s:1:"1";s:15:"recommendations";s:1:"1";s:4:"info";a:4:{s:4:"grid";s:1:"0";s:4:"cell";s:1:"0";s:2:"id";s:1:"0";s:5:"class";s:29:"Facebook_Activity_Feed_Widget";}}}s:5:"grids";a:1:{i:0;a:1:{s:5:"cells";s:1:"1";}}s:10:"grid_cells";a:1:{i:0;a:2:{s:6:"weight";s:1:"1";s:4:"grid";s:1:"0";}}}]]></wp:meta_value>
		</wp:postmeta>
	</item>
	<item>
				<title>remember pearltrees? forget them and check this out:</title>
		<link>http://wearetheplaymakers.diasporachangemakers.net/2014/04/26/remember-pearltrees-forget-check/</link>
		<pubDate>Sat, 26 Apr 2014 21:32:52 +0000</pubDate>
		<dc:creator><![CDATA[rafszul]]></dc:creator>
		<guid isPermaLink="false">http://wearetheplaymakers.diasporachangemakers.net/?p=54</guid>
		<description></description>
		<content:encoded><![CDATA[<iframe src="https://www.moh.io/mohiomap/viewer.php?URL=https://www.evernote.com/shard/s3/sh/bc074d25-1350-4d52-a544-8d2167cde865/11f76b0f49f434e7ceb7077b206e029c" width="800px" height="480px" frameborder="0" scrolling="no" marginwidth="0" marginheight="0"></iframe>]]></content:encoded>
		<excerpt:encoded><![CDATA[]]></excerpt:encoded>
		<wp:post_id>54</wp:post_id>
		<wp:post_date>2014-04-26 21:32:52</wp:post_date>
		<wp:post_date_gmt>2014-04-26 21:32:52</wp:post_date_gmt>
		<wp:comment_status>open</wp:comment_status>
		<wp:ping_status>open</wp:ping_status>
		<wp:post_name>remember-pearltrees-forget-check</wp:post_name>
		<wp:status>publish</wp:status>
		<wp:post_parent>0</wp:post_parent>
		<wp:menu_order>0</wp:menu_order>
		<wp:post_type>post</wp:post_type>
		<wp:post_password></wp:post_password>
		<wp:is_sticky>0</wp:is_sticky>
		<category domain="category" nicename="uncategorized"><![CDATA[Uncategorized]]></category>
		<wp:postmeta>
			<wp:meta_key>_thumbnail_id</wp:meta_key>
			<wp:meta_value><![CDATA[58]]></wp:meta_value>
		</wp:postmeta>
		<wp:postmeta>
			<wp:meta_key>_edit_last</wp:meta_key>
			<wp:meta_value><![CDATA[14]]></wp:meta_value>
		</wp:postmeta>
		<wp:postmeta>
			<wp:meta_key>_wpas_done_all</wp:meta_key>
			<wp:meta_value><![CDATA[1]]></wp:meta_value>
		</wp:postmeta>
		<wp:postmeta>
			<wp:meta_key>ninja_forms_form</wp:meta_key>
			<wp:meta_value><![CDATA[0]]></wp:meta_value>
		</wp:postmeta>
		<wp:postmeta>
			<wp:meta_key>panels_data</wp:meta_key>
			<wp:meta_value><![CDATA[a:0:{}]]></wp:meta_value>
		</wp:postmeta>
		<wp:postmeta>
			<wp:meta_key>_webdados_fb_open_graph_specific_image</wp:meta_key>
			<wp:meta_value><![CDATA[]]></wp:meta_value>
		</wp:postmeta>
		<wp:postmeta>
			<wp:meta_key>_the_champ_meta</wp:meta_key>
			<wp:meta_value><![CDATA[a:1:{s:7:"sharing";i:0;}]]></wp:meta_value>
		</wp:postmeta>
	</item>
	<item>
				<title>circular_network</title>
		<link>http://wearetheplaymakers.diasporachangemakers.net/2014/04/26/remember-pearltrees-forget-check/circular_network-2/</link>
		<pubDate>Sat, 26 Apr 2014 21:50:12 +0000</pubDate>
		<dc:creator><![CDATA[rafszul]]></dc:creator>
		<guid isPermaLink="false">http://wearetheplaymakers.diasporachangemakers.net/wp-content/uploads/sites/19/2014/04/circular_network1.png</guid>
		<description></description>
		<content:encoded><![CDATA[]]></content:encoded>
		<excerpt:encoded><![CDATA[]]></excerpt:encoded>
		<wp:post_id>58</wp:post_id>
		<wp:post_date>2014-04-26 21:50:12</wp:post_date>
		<wp:post_date_gmt>2014-04-26 21:50:12</wp:post_date_gmt>
		<wp:comment_status>open</wp:comment_status>
		<wp:ping_status>open</wp:ping_status>
		<wp:post_name>circular_network-2</wp:post_name>
		<wp:status>inherit</wp:status>
		<wp:post_parent>54</wp:post_parent>
		<wp:menu_order>0</wp:menu_order>
		<wp:post_type>attachment</wp:post_type>
		<wp:post_password></wp:post_password>
		<wp:is_sticky>0</wp:is_sticky>
		<wp:attachment_url>http://wearetheplaymakers.diasporachangemakers.net/wp-content/uploads/sites/19/2014/04/circular_network1.png</wp:attachment_url>
		<wp:postmeta>
			<wp:meta_key>_wp_attached_file</wp:meta_key>
			<wp:meta_value><![CDATA[2014/04/circular_network1.png]]></wp:meta_value>
		</wp:postmeta>
		<wp:postmeta>
			<wp:meta_key>_wp_attachment_metadata</wp:meta_key>
			<wp:meta_value><![CDATA[a:5:{s:5:"width";i:625;s:6:"height";i:384;s:4:"file";s:29:"2014/04/circular_network1.png";s:5:"sizes";a:2:{s:9:"thumbnail";a:4:{s:4:"file";s:29:"circular_network1-150x150.png";s:5:"width";i:150;s:6:"height";i:150;s:9:"mime-type";s:9:"image/png";}s:6:"medium";a:4:{s:4:"file";s:29:"circular_network1-300x184.png";s:5:"width";i:300;s:6:"height";i:184;s:9:"mime-type";s:9:"image/png";}}s:10:"image_meta";a:10:{s:8:"aperture";i:0;s:6:"credit";s:0:"";s:6:"camera";s:0:"";s:7:"caption";s:0:"";s:17:"created_timestamp";i:0;s:9:"copyright";s:0:"";s:12:"focal_length";i:0;s:3:"iso";i:0;s:13:"shutter_speed";i:0;s:5:"title";s:0:"";}}]]></wp:meta_value>
		</wp:postmeta>
	</item>
</channel>
</rss>
